name,url
15 Lightyears Careers,https://ats.rippling.com/15-lightyears-careers/jobs
1Nhealth,https://ats.rippling.com/1nhealth/jobs
1X,https://ats.rippling.com/1x/jobs
360 Fire Flood,https://ats.rippling.com/360-fire-flood/jobs
3Rd Street Youth Center Clinic,https://ats.rippling.com/3rd-street-youth-center-clinic/jobs
514 Careers,https://ats.rippling.com/514-careers/jobs
A20 Opportunities Page,https://ats.rippling.com/a20-opportunities-page/jobs
Aalo Atomics,https://ats.rippling.com/aalo-atomics/jobs
Aalyria Careers,https://ats.rippling.com/aalyria-careers/jobs
Aamedical,https://ats.rippling.com/aamedical/jobs
Aapcho,https://ats.rippling.com/aapcho/jobs
Aapd Jobs,https://ats.rippling.com/aapd-jobs/jobs
Abh Ohio Careers,https://ats.rippling.com/abh-ohio-careers/jobs
Able Insurance Job Board,https://ats.rippling.com/able-insurance-job-board/jobs
Absencesoft,https://ats.rippling.com/absencesoft/jobs
Acceleration Academies,https://ats.rippling.com/acceleration-academies/jobs
Accelint Holdings Llc,https://ats.rippling.com/accelint-holdings-llc/jobs
Accelintsoartech,https://ats.rippling.com/accelintsoartech/jobs
Accountability Counsel,https://ats.rippling.com/accountability-counsel/jobs
Aces Payments,https://ats.rippling.com/aces-payments/jobs
Acretrader Jobs,https://ats.rippling.com/acretrader-jobs/jobs
Adapt,https://ats.rippling.com/adapt/jobs
Adelaide,https://ats.rippling.com/adelaide/jobs
Advanced Aircrew Academy,https://ats.rippling.com/advanced-aircrew-academy/jobs
Advanced Energy United Career Opportunities,https://ats.rippling.com/advanced-energy-united-career-opportunities/jobs
Advanced Navigation,https://ats.rippling.com/advanced-navigation/jobs
Advision Development Careers,https://ats.rippling.com/advision-development-careers/jobs
Advisor360 Llc,https://ats.rippling.com/advisor360-llc/jobs
Aegis Careers,https://ats.rippling.com/aegis-careers/jobs
Aegis,https://ats.rippling.com/aegis/jobs
Aeris Communications Inc,https://ats.rippling.com/aeris-communications-inc/jobs
Affinity,https://ats.rippling.com/affinity/jobs
Agamerica Careers,https://ats.rippling.com/agamerica-careers/jobs
Agelessrx,https://ats.rippling.com/agelessrx/jobs
Agencycyber,https://ats.rippling.com/agencycyber/jobs
Agentsync Careers,https://ats.rippling.com/agentsync-careers/jobs
Agital Careers,https://ats.rippling.com/agital-careers/jobs
Agora,https://ats.rippling.com/agora/jobs
Ai Stealth Startup,https://ats.rippling.com/ai-stealth-startup/jobs
Ai2Io,https://ats.rippling.com/ai2io/jobs
Aidkit,https://ats.rippling.com/aidkit/jobs
Aigent Energy,https://ats.rippling.com/aigent-energy/jobs
Aimtal,https://ats.rippling.com/aimtal/jobs
Aiq Careers,https://ats.rippling.com/aiq-careers/jobs
Airo Mechanical Job Board,https://ats.rippling.com/airo-mechanical-job-board/jobs
Aitp,https://ats.rippling.com/aitp/jobs
Akash Homes Ltd,https://ats.rippling.com/akash-homes-ltd/jobs
Alaan Careers,https://ats.rippling.com/alaan-careers/jobs
Albers Aersopace,https://ats.rippling.com/albers-aersopace/jobs
Albert Invent Corp,https://ats.rippling.com/albert-invent-corp/jobs
Alger,https://ats.rippling.com/alger/jobs
Algo Communication Products,https://ats.rippling.com/algo-communication-products/jobs
Alignedtg,https://ats.rippling.com/alignedtg/jobs
Alleyoop,https://ats.rippling.com/alleyoop/jobs
Alliance Solutions Group,https://ats.rippling.com/alliance-solutions-group/jobs
Allsup Employment Services,https://ats.rippling.com/allsup-employment-services/jobs
Allsup,https://ats.rippling.com/allsup/jobs
Allvoices,https://ats.rippling.com/allvoices/jobs
Ambassador Career,https://ats.rippling.com/ambassador_career/jobs
American Technology Services,https://ats.rippling.com/american-technology-services/jobs
Americans For Responsible Innovation,https://ats.rippling.com/americans-for-responsible-innovation/jobs
Amika Careers,https://ats.rippling.com/amika-careers/jobs
Ampa,https://ats.rippling.com/ampa/jobs
Ampersandbrands,https://ats.rippling.com/ampersandbrands/jobs
Ampleo Careers Page,https://ats.rippling.com/ampleo-careers-page/jobs
Amplify,https://ats.rippling.com/amplify/jobs
Ampliwork Inc,https://ats.rippling.com/ampliwork-inc/jobs
Amplo,https://ats.rippling.com/amplo/jobs
Ampzcareers,https://ats.rippling.com/ampzcareers/jobs
Anaconda,https://ats.rippling.com/anaconda/jobs
Analyte Health Careers,https://ats.rippling.com/analyte-health-careers/jobs
Analyticsmart,https://ats.rippling.com/analyticsmart/jobs
Anchorhome,https://ats.rippling.com/anchorhome/jobs
Anderson Injury Lawyers Jobs,https://ats.rippling.com/anderson-injury-lawyers-jobs/jobs
Andium Careers,https://ats.rippling.com/andium-careers/jobs
Androscareers,https://ats.rippling.com/androscareers/jobs
Annovex Careers,https://ats.rippling.com/annovex-careers/jobs
Answering Service Care,https://ats.rippling.com/answering-service-care/jobs
Anza Mortgage Insurance Company,https://ats.rippling.com/anza-mortgage-insurance-company/jobs
Anza Re Llc,https://ats.rippling.com/anza-re-llc/jobs
Apen Job Opportunities,https://ats.rippling.com/apen-job-opportunities/jobs
Apexanalytix Careers,https://ats.rippling.com/apexanalytix-careers/jobs
Appriss Retail,https://ats.rippling.com/appriss-retail/jobs
Apptega,https://ats.rippling.com/apptega/jobs
Appwork,https://ats.rippling.com/appwork/jobs
Aptera,https://ats.rippling.com/aptera/jobs
Arborxr,https://ats.rippling.com/arborxr/jobs
Arc,https://ats.rippling.com/arc/jobs
Archehealth Job Board,https://ats.rippling.com/archehealth-job-board/jobs
Archer,https://ats.rippling.com/archer/jobs
Architect,https://ats.rippling.com/architect/jobs
Argyle,https://ats.rippling.com/argyle/jobs
Armada Careers,https://ats.rippling.com/armada-careers/jobs
Arrive Health Careers,https://ats.rippling.com/arrive-health-careers/jobs
Artemis Careers,https://ats.rippling.com/artemis-careers/jobs
Arthaus,https://ats.rippling.com/arthaus/jobs
Artisight Open Roles,https://ats.rippling.com/artisight-open-roles/jobs
Ascension Coffee Careers,https://ats.rippling.com/ascension-coffee-careers/jobs
Ascentds Careers,https://ats.rippling.com/ascentds-careers/jobs
Ascentt India,https://ats.rippling.com/ascentt-india/jobs
Ascentt,https://ats.rippling.com/ascentt/jobs
Asics Apps,https://ats.rippling.com/asics-apps/jobs
Aspenview,https://ats.rippling.com/aspenview/jobs
Aspire General Insurance Careers,https://ats.rippling.com/aspire-general-insurance-careers/jobs
Astra,https://ats.rippling.com/astra/jobs
Ata,https://ats.rippling.com/ata/jobs
Athos Commerce Careers,https://ats.rippling.com/athos-commerce-careers/jobs
Ati,https://ats.rippling.com/ati/jobs
Atlantic Coast Mortgage,https://ats.rippling.com/atlantic-coast-mortgage/jobs
Atlas Data Storage,https://ats.rippling.com/atlas-data-storage/jobs
Atlasmetrics Talent,https://ats.rippling.com/atlasmetrics-talent/jobs
Atmoszero Careers,https://ats.rippling.com/atmoszero-careers/jobs
Audien Hearing,https://ats.rippling.com/audien-hearing/jobs
Auris Practice Solutions,https://ats.rippling.com/auris-practice-solutions/jobs
Auxo Solutions,https://ats.rippling.com/auxo-solutions/jobs
Avenue Z Careers,https://ats.rippling.com/avenue-z-careers/jobs
Avtal,https://ats.rippling.com/avtal/jobs
Axio,https://ats.rippling.com/axio/jobs
Axisair Careers,https://ats.rippling.com/axisair-careers/jobs
Axlelogistics,https://ats.rippling.com/axlelogistics/jobs
Azfs,https://ats.rippling.com/azfs/jobs
Azira Careers Page,https://ats.rippling.com/azira-careers-page/jobs
Azzip Pizza,https://ats.rippling.com/azzip-pizza/jobs
Bad Birdie,https://ats.rippling.com/bad-birdie/jobs
Ballentine Partners,https://ats.rippling.com/ballentine-partners/jobs
Bamboo Health Careers,https://ats.rippling.com/bamboo-health-careers/jobs
Barron Career Board,https://ats.rippling.com/barron-career-board/jobs
Barrys Careers,https://ats.rippling.com/barrys-careers/jobs
Baseball Lifestyle 101,https://ats.rippling.com/baseball-lifestyle-101/jobs
Bastion Careers,https://ats.rippling.com/bastion-careers/jobs
Battlecreekchurch,https://ats.rippling.com/battlecreekchurch/jobs
Bayaud Works,https://ats.rippling.com/bayaud-works/jobs
Bayrock Labs,https://ats.rippling.com/bayrock-labs/jobs
Beehive Industries,https://ats.rippling.com/beehive-industries/jobs
Begin Careers,https://ats.rippling.com/begin-careers/jobs
Bellhop,https://ats.rippling.com/bellhop/jobs
Better Cotton Careers,https://ats.rippling.com/better-cotton-careers/jobs
Bettercomp,https://ats.rippling.com/bettercomp/jobs
Bgus Job,https://ats.rippling.com/bgus-job/jobs
Billingsleycareers,https://ats.rippling.com/billingsleycareers/jobs
Biolyz,https://ats.rippling.com/biolyz/jobs
Bitkernel,https://ats.rippling.com/bitkernel/jobs
Bizzycar,https://ats.rippling.com/bizzycar/jobs
Black Diamond Advisory,https://ats.rippling.com/black-diamond-advisory/jobs
Blackrockneurotech,https://ats.rippling.com/blackrockneurotech/jobs
Blanchard,https://ats.rippling.com/blanchard/jobs
Blind Squirrel Games,https://ats.rippling.com/blind-squirrel-games/jobs
Blitzy Jobs,https://ats.rippling.com/blitzy-jobs/jobs
Bloomgrowth,https://ats.rippling.com/bloomgrowth/jobs
Blue Water Autonomy,https://ats.rippling.com/blue-water-autonomy/jobs
Blueearth Careers,https://ats.rippling.com/blueearth-careers/jobs
Blueridge,https://ats.rippling.com/blueridge/jobs
Bluetree,https://ats.rippling.com/bluetree/jobs
Bluewave,https://ats.rippling.com/bluewave/jobs
Boast Capital Careers,https://ats.rippling.com/boast-capital-careers/jobs
Bodwe Professional Services Group Companies,https://ats.rippling.com/bodwe-professional-services-group-companies/jobs
Bonsairoboticsmain,https://ats.rippling.com/bonsairoboticsmain/jobs
Bonusly,https://ats.rippling.com/bonusly/jobs
Booknook Inc,https://ats.rippling.com/booknook-inc/jobs
Boom Supersonic,https://ats.rippling.com/boom-supersonic/jobs
Boompop,https://ats.rippling.com/boompop/jobs
Booster Juice Corporate Office,https://ats.rippling.com/booster-juice-corporate-office/jobs
Bornprimitive Careers,https://ats.rippling.com/bornprimitive-careers/jobs
Botbuilt,https://ats.rippling.com/botbuilt/jobs
Bradleycocareers,https://ats.rippling.com/bradleycocareers/jobs
Brainrider,https://ats.rippling.com/brainrider/jobs
Breef Careers,https://ats.rippling.com/breef-careers/jobs
Brevian Careers,https://ats.rippling.com/brevian-careers/jobs
Brewing Coach Opportunities,https://ats.rippling.com/brewing-coach-opportunities/jobs
Bridge Defense,https://ats.rippling.com/bridge-defense/jobs
Bridges Trust,https://ats.rippling.com/bridges-trust/jobs
Brightscout,https://ats.rippling.com/brightscout/jobs
Brightside Health Jobs,https://ats.rippling.com/brightside-health-jobs/jobs
Broadvoice,https://ats.rippling.com/broadvoice/jobs
Bronco Ai,https://ats.rippling.com/bronco-ai/jobs
Bryson Gillette,https://ats.rippling.com/bryson-gillette/jobs
Bsr,https://ats.rippling.com/bsr/jobs
Btc Inc,https://ats.rippling.com/btc-inc/jobs
Buckeye Power Sales,https://ats.rippling.com/buckeye-power-sales/jobs
Bullet Labs Career,https://ats.rippling.com/bullet-labs-career/jobs
Burgmann,https://ats.rippling.com/burgmann/jobs
Button,https://ats.rippling.com/button/jobs
Buxtoncocareers,https://ats.rippling.com/buxtoncocareers/jobs
Ca Ferolie Careers,https://ats.rippling.com/ca-ferolie-careers/jobs
Cadencia,https://ats.rippling.com/cadencia/jobs
Caliza,https://ats.rippling.com/caliza/jobs
Camlin Careers,https://ats.rippling.com/camlin-careers/jobs
Campspot,https://ats.rippling.com/campspot/jobs
Cancer Research Institute Inc,https://ats.rippling.com/cancer-research-institute-inc/jobs
Capitalize Data Analytics Llc,https://ats.rippling.com/capitalize-data-analytics-llc/jobs
Capitol Advisors On Technology,https://ats.rippling.com/capitol-advisors-on-technology/jobs
Capitolengineering,https://ats.rippling.com/capitolengineering/jobs
Career Opportunities At Mindset,https://ats.rippling.com/career-opportunities-at-mindset/jobs
Career Opportunities At Trios College,https://ats.rippling.com/career-opportunities-at-trios-college/jobs
Career Opportunities,https://ats.rippling.com/career-opportunities/jobs
Career Opportunities,https://ats.rippling.com/career_opportunities/jobs
Careers At Bipsync,https://ats.rippling.com/careers-at-bipsync/jobs
Careers At Disco,https://ats.rippling.com/careers-at-disco/jobs
Careers At Harver,https://ats.rippling.com/careers-at-harver/jobs
Careers At Redeemers Group,https://ats.rippling.com/careers-at-redeemers-group/jobs
Careers At Ves,https://ats.rippling.com/careers-at-ves/jobs
Careers Neuronetics,https://ats.rippling.com/careers-neuronetics/jobs
Careers Page,https://ats.rippling.com/careers-page/jobs
Careers Quartile,https://ats.rippling.com/careers-quartile/jobs
Careers Tendit Group,https://ats.rippling.com/careers-tendit-group/jobs
Careers With Purpose,https://ats.rippling.com/careers-with-purpose/jobs
Careers,https://ats.rippling.com/careers/jobs
Cargosprint,https://ats.rippling.com/cargosprint/jobs
Cariskpartners,https://ats.rippling.com/cariskpartners/jobs
Cars And Bids Job Board,https://ats.rippling.com/cars-and-bids-job-board/jobs
Cartography Biosciences,https://ats.rippling.com/cartography-biosciences/jobs
Cast Finance,https://ats.rippling.com/cast-finance/jobs
Catalystcr Careers,https://ats.rippling.com/catalystcr-careers/jobs
Cathedral Roofing Innovations,https://ats.rippling.com/cathedral-roofing-innovations/jobs
Cbts,https://ats.rippling.com/cbts/jobs
Cbtsindia,https://ats.rippling.com/cbtsindia/jobs
Cco Careers,https://ats.rippling.com/cco-careers/jobs
Cdata Software,https://ats.rippling.com/cdata-software/jobs
Celerdataopenroles,https://ats.rippling.com/celerdataopenroles/jobs
Cem Benchmarking,https://ats.rippling.com/cem-benchmarking/jobs
Cental Engineering Limited,https://ats.rippling.com/cental-engineering-limited/jobs
Center For Food Safety,https://ats.rippling.com/center-for-food-safety/jobs
Centil Jobs,https://ats.rippling.com/centil-jobs/jobs
Cerby,https://ats.rippling.com/cerby/jobs
Cgla,https://ats.rippling.com/cgla/jobs
Cgoncologycareers,https://ats.rippling.com/cgoncologycareers/jobs
Chainml,https://ats.rippling.com/chainml/jobs
Charlie,https://ats.rippling.com/charlie/jobs
Chartis Interactive,https://ats.rippling.com/chartis-interactive/jobs
Chartmetric,https://ats.rippling.com/chartmetric/jobs
Cheetah Careers,https://ats.rippling.com/cheetah-careers/jobs
Chemistry Careers,https://ats.rippling.com/chemistry-careers/jobs
Chess,https://ats.rippling.com/chess/jobs
Childrensground,https://ats.rippling.com/childrensground/jobs
Christ Covenant Church,https://ats.rippling.com/christ-covenant-church/jobs
Chrome Hearts Careers,https://ats.rippling.com/chrome-hearts-careers/jobs
Chronicler Games,https://ats.rippling.com/chronicler-games/jobs
Citrine Informatics,https://ats.rippling.com/citrine-informatics/jobs
Clara Analytics,https://ats.rippling.com/clara-analytics/jobs
Clearestate,https://ats.rippling.com/clearestate/jobs
Closinglock,https://ats.rippling.com/closinglock/jobs
Cloud Synapps Inc,https://ats.rippling.com/cloud-synapps-inc/jobs
Cloudatwork,https://ats.rippling.com/cloudatwork/jobs
Clowdcover,https://ats.rippling.com/clowdcover/jobs
Clubessential,https://ats.rippling.com/clubessential/jobs
Clubready,https://ats.rippling.com/clubready/jobs
Cmls,https://ats.rippling.com/cmls/jobs
Coalmarch,https://ats.rippling.com/coalmarch/jobs
Codehs,https://ats.rippling.com/codehs/jobs
Coffee Meets Bagel Job Board,https://ats.rippling.com/coffee-meets-bagel-job-board/jobs
Cognaize Careers,https://ats.rippling.com/cognaize-careers/jobs
Colheli,https://ats.rippling.com/colheli/jobs
Collabware,https://ats.rippling.com/collabware/jobs
Collieraerospace,https://ats.rippling.com/collieraerospace/jobs
Column,https://ats.rippling.com/column/jobs
Combase Usa,https://ats.rippling.com/combase-usa/jobs
Command,https://ats.rippling.com/command/jobs
Commandlink,https://ats.rippling.com/commandlink/jobs
Community Bankshares,https://ats.rippling.com/community-bankshares/jobs
Community Phone Careers,https://ats.rippling.com/community-phone-careers/jobs
Compass Coffee,https://ats.rippling.com/compass-coffee/jobs
Compass Mining,https://ats.rippling.com/compass-mining/jobs
Complexly,https://ats.rippling.com/complexly/jobs
Conab Job Board,https://ats.rippling.com/conab-job-board/jobs
Conceptplus,https://ats.rippling.com/conceptplus/jobs
Concerthealthcareers,https://ats.rippling.com/concerthealthcareers/jobs
Consensus,https://ats.rippling.com/consensus/jobs
Consolidated Analytics Inc,https://ats.rippling.com/consolidated-analytics-inc/jobs
Consulting And Advisorytechnologyloandna,https://ats.rippling.com/consulting-and-advisorytechnologyloandna/jobs
Consulting Careers,https://ats.rippling.com/consulting-careers/jobs
Contextual Careers,https://ats.rippling.com/contextual-careers/jobs
Continu Careers,https://ats.rippling.com/continu-careers/jobs
Contour Education,https://ats.rippling.com/contour-education/jobs
Contour Medprep,https://ats.rippling.com/contour-medprep/jobs
Contractor Opportunities,https://ats.rippling.com/contractor-opportunities/jobs
Contrast Open Roles,https://ats.rippling.com/contrast-open-roles/jobs
Convo Communications Llc,https://ats.rippling.com/convo-communications-llc/jobs
Cor,https://ats.rippling.com/cor/jobs
Coram Ai,https://ats.rippling.com/coram-ai/jobs
Cord Careers,https://ats.rippling.com/cord-careers/jobs
Core Education Services Pbc,https://ats.rippling.com/core-education-services-pbc/jobs
Core Group Restorations,https://ats.rippling.com/core-group-restorations/jobs
Cornerstonefootandankle,https://ats.rippling.com/cornerstonefootandankle/jobs
Corva,https://ats.rippling.com/corva/jobs
Coterie Careers,https://ats.rippling.com/coterie-careers/jobs
Cour,https://ats.rippling.com/cour/jobs
Courtyard,https://ats.rippling.com/courtyard/jobs
Covenant House New York,https://ats.rippling.com/covenant-house-new-york/jobs
Covetcareers,https://ats.rippling.com/covetcareers/jobs
Cozeva,https://ats.rippling.com/cozeva/jobs
Cozey,https://ats.rippling.com/cozey/jobs
Cpp Careers,https://ats.rippling.com/cpp-careers/jobs
Cprs,https://ats.rippling.com/cprs/jobs
Crafty,https://ats.rippling.com/crafty/jobs
Crane Center Careers Page,https://ats.rippling.com/crane-center-careers-page/jobs
Crbwater,https://ats.rippling.com/crbwater/jobs
Createmusicgroup,https://ats.rippling.com/createmusicgroup/jobs
Crenndininggroup,https://ats.rippling.com/crenndininggroup/jobs
Crescent Communities,https://ats.rippling.com/crescent-communities/jobs
Cressy,https://ats.rippling.com/cressy/jobs
Crio,https://ats.rippling.com/crio/jobs
Crisp Careers,https://ats.rippling.com/crisp-careers/jobs
Cristcot,https://ats.rippling.com/cristcot/jobs
Critical Response Group,https://ats.rippling.com/critical-response-group/jobs
Crosswalk Health Inc,https://ats.rippling.com/crosswalk-health-inc/jobs
Crowe Bgk,https://ats.rippling.com/crowe-bgk/jobs
Cruciallogics,https://ats.rippling.com/cruciallogics/jobs
Cruiseplanners,https://ats.rippling.com/cruiseplanners/jobs
Crunchafi Llc,https://ats.rippling.com/crunchafi-llc/jobs
Cullen Jewellery,https://ats.rippling.com/cullen-jewellery/jobs
Curiosity Current Openings,https://ats.rippling.com/curiosity-current-openings/jobs
Current Openings,https://ats.rippling.com/current-openings/jobs
Curve Dental,https://ats.rippling.com/curve-dental/jobs
Custer Inc,https://ats.rippling.com/custer-inc/jobs
Cutcher,https://ats.rippling.com/cutcher/jobs
Cxponent,https://ats.rippling.com/cxponent/jobs
D Wave Quantum,https://ats.rippling.com/d-wave-quantum/jobs
Daaxit Hiring,https://ats.rippling.com/daaxit-hiring/jobs
Dadosfera Carreiras,https://ats.rippling.com/dadosfera-carreiras/jobs
Dailyjournal,https://ats.rippling.com/dailyjournal/jobs
Daloopa,https://ats.rippling.com/daloopa/jobs
Daniels Fund,https://ats.rippling.com/daniels-fund/jobs
Darkroom Careers,https://ats.rippling.com/darkroom-careers/jobs
Darwin Homes,https://ats.rippling.com/darwin-homes/jobs
Daversa Partners Jobs External,https://ats.rippling.com/daversa-partners-jobs-external/jobs
Daversa Partners,https://ats.rippling.com/daversa-partners/jobs
Dc Blox Careers,https://ats.rippling.com/dc-blox-careers/jobs
Deeplydigital Careers,https://ats.rippling.com/deeplydigital-careers/jobs
Delta E Careers,https://ats.rippling.com/delta-e-careers/jobs
Demand Chain,https://ats.rippling.com/demand-chain/jobs
Demandpdx,https://ats.rippling.com/demandpdx/jobs
Democratic National Committee,https://ats.rippling.com/democratic-national-committee/jobs
Denari,https://ats.rippling.com/denari/jobs
Dental Intelligence Careers,https://ats.rippling.com/dental-intelligence-careers/jobs
Dermot Realty Management Co Lp,https://ats.rippling.com/dermot-realty-management-co-lp/jobs
Desri Careers,https://ats.rippling.com/desri-careers/jobs
Dftba Jobs,https://ats.rippling.com/dftba-jobs/jobs
Dialogue Fr,https://ats.rippling.com/dialogue-fr/jobs
Digital Skynet,https://ats.rippling.com/digital-skynet/jobs
Digps,https://ats.rippling.com/digps/jobs
Direct Drive Logistics Inc,https://ats.rippling.com/direct-drive-logistics-inc/jobs
Dirty Hands,https://ats.rippling.com/dirty-hands/jobs
Dispatchcareers,https://ats.rippling.com/dispatchcareers/jobs
Dispensed Careers,https://ats.rippling.com/dispensed-careers/jobs
Dk Law,https://ats.rippling.com/dk-law/jobs
Dlb Associates,https://ats.rippling.com/dlb-associates/jobs
Dlsengineering,https://ats.rippling.com/dlsengineering/jobs
Dmrtechnologies,https://ats.rippling.com/dmrtechnologies/jobs
Document Crunch Inc,https://ats.rippling.com/document-crunch-inc/jobs
Docuvault Genvault,https://ats.rippling.com/docuvault-genvault/jobs
Domaine Careers,https://ats.rippling.com/domaine-careers/jobs
Donum Dei Classical Academy,https://ats.rippling.com/donum-dei-classical-academy/jobs
Door Controls Usa,https://ats.rippling.com/door-controls-usa/jobs
Dreww Jobs,https://ats.rippling.com/dreww-jobs/jobs
Drivepoint,https://ats.rippling.com/drivepoint/jobs
Droneshield,https://ats.rippling.com/droneshield/jobs
Dropzone Ai,https://ats.rippling.com/dropzone-ai/jobs
Drvn Jobs,https://ats.rippling.com/drvn-jobs/jobs
Dtiq Careers,https://ats.rippling.com/dtiq-careers/jobs
Dtj Design Inc,https://ats.rippling.com/dtj-design-inc/jobs
Dub,https://ats.rippling.com/dub/jobs
Dunder Mifflin2B318E3B 60F0 4D80 98C0 8F70Fa8Cccf6,https://ats.rippling.com/dunder-mifflin2b318e3b-60f0-4d80-98c0-8f70fa8cccf6/jobs
Dunmor Careers,https://ats.rippling.com/dunmor-careers/jobs
Duplocloud,https://ats.rippling.com/duplocloud/jobs
Dwelldesignstudio,https://ats.rippling.com/dwelldesignstudio/jobs
Dyna Careers,https://ats.rippling.com/dyna-careers/jobs
Early Careers Job Board,https://ats.rippling.com/early-careers-job-board/jobs
Easy Dynamics Corporation,https://ats.rippling.com/easy-dynamics-corporation/jobs
Eatfuku,https://ats.rippling.com/eatfuku/jobs
Ebizcharge,https://ats.rippling.com/ebizcharge/jobs
Ecc Job Board,https://ats.rippling.com/ecc-job-board/jobs
Eco Battery,https://ats.rippling.com/eco-battery/jobs
Ecotrak Careers,https://ats.rippling.com/ecotrak-careers/jobs
Ecowize Careers,https://ats.rippling.com/ecowize-careers/jobs
Edgedelta,https://ats.rippling.com/edgedelta/jobs
Edgehog Trading,https://ats.rippling.com/edgehog-trading/jobs
Ediphi,https://ats.rippling.com/ediphi/jobs
Edynscocareers,https://ats.rippling.com/edynscocareers/jobs
Ehouse Studio Llc,https://ats.rippling.com/ehouse-studio-llc/jobs
Einc,https://ats.rippling.com/einc/jobs
Eleanor Health Careers,https://ats.rippling.com/eleanor-health-careers/jobs
Electrosonic Careers,https://ats.rippling.com/electrosonic-careers/jobs
Elev8Io,https://ats.rippling.com/elev8io/jobs
Elevate Consulting,https://ats.rippling.com/elevate-consulting/jobs
Elevate Surgical,https://ats.rippling.com/elevate-surgical/jobs
Elevate,https://ats.rippling.com/elevate/jobs
Elevationcapital,https://ats.rippling.com/elevationcapital/jobs
Elg Careers Attorneys,https://ats.rippling.com/elg-careers-attorneys/jobs
Elg Careers,https://ats.rippling.com/elg-careers/jobs
Ellit Groups Llc,https://ats.rippling.com/ellit-groups-llc/jobs
Elmwood Institute Llc,https://ats.rippling.com/elmwood-institute-llc/jobs
En Au,https://ats.rippling.com/en-au/jobs
En Ca,https://ats.rippling.com/en-ca/jobs
En Gb,https://ats.rippling.com/en-gb/jobs
En Us,https://ats.rippling.com/en-us/jobs
Encamp,https://ats.rippling.com/encamp/jobs
Encore Auctions,https://ats.rippling.com/encore-auctions/jobs
Endpointsnews,https://ats.rippling.com/endpointsnews/jobs
Energycap External Career Page,https://ats.rippling.com/energycap-external-career-page/jobs
Enertiv Jobs,https://ats.rippling.com/enertiv-jobs/jobs
Engineered Medical Systems Careers,https://ats.rippling.com/engineered-medical-systems-careers/jobs
Enludio Careers,https://ats.rippling.com/enludio-careers/jobs
Entropico,https://ats.rippling.com/entropico/jobs
Envision Technology Advisors,https://ats.rippling.com/envision-technology-advisors/jobs
Epac Careers,https://ats.rippling.com/epac-careers/jobs
Epic Gardening,https://ats.rippling.com/epic-gardening/jobs
Epic It,https://ats.rippling.com/epic-it/jobs
Epic Software,https://ats.rippling.com/epic-software/jobs
Epiphany School,https://ats.rippling.com/epiphany-school/jobs
Eridu Ai,https://ats.rippling.com/eridu-ai/jobs
Es 419,https://ats.rippling.com/es-419/jobs
Eskillz,https://ats.rippling.com/eskillz/jobs
Estes Energetics,https://ats.rippling.com/estes-energetics/jobs
Eternal,https://ats.rippling.com/eternal/jobs
Etg,https://ats.rippling.com/etg/jobs
Ethermed,https://ats.rippling.com/ethermed/jobs
Etix,https://ats.rippling.com/etix/jobs
Eurasia Group,https://ats.rippling.com/eurasia-group/jobs
Euvtech,https://ats.rippling.com/euvtech/jobs
Eva Nyc Careers,https://ats.rippling.com/eva-nyc-careers/jobs
Eventeny,https://ats.rippling.com/eventeny/jobs
Everfi,https://ats.rippling.com/everfi/jobs
Everflow,https://ats.rippling.com/everflow/jobs
Evergreen Park Recreation District,https://ats.rippling.com/evergreen-park-recreation-district/jobs
Evergreen Wealth,https://ats.rippling.com/evergreen-wealth/jobs
Evervault,https://ats.rippling.com/evervault/jobs
Everyday Speech,https://ats.rippling.com/everyday-speech/jobs
Everythingbagelcareers,https://ats.rippling.com/everythingbagelcareers/jobs
Evommune,https://ats.rippling.com/evommune/jobs
Evotix Limited,https://ats.rippling.com/evotix-limited/jobs
Exact Careers,https://ats.rippling.com/exact-careers/jobs
Exact Medicare Secret,https://ats.rippling.com/exact-medicare-secret/jobs
External Job Board,https://ats.rippling.com/external-job-board/jobs
Ez Hiring,https://ats.rippling.com/ez-hiring/jobs
Ez Texting,https://ats.rippling.com/ez-texting/jobs
Fabric Inc,https://ats.rippling.com/fabric-inc/jobs
Fabric,https://ats.rippling.com/fabric/jobs
Fairmatic,https://ats.rippling.com/fairmatic/jobs
Farlinium Careers,https://ats.rippling.com/farlinium-careers/jobs
Farmandforgeclub,https://ats.rippling.com/farmandforgeclub/jobs
Faros Ai Careers,https://ats.rippling.com/faros-ai-careers/jobs
Fastsigns,https://ats.rippling.com/fastsigns/jobs
Fdsdba Fox Pest,https://ats.rippling.com/fdsdba-fox-pest/jobs
Federated It,https://ats.rippling.com/federated-it/jobs
Feed Media Group,https://ats.rippling.com/feed-media-group/jobs
Fellers,https://ats.rippling.com/fellers/jobs
Fello Careers,https://ats.rippling.com/fello-careers/jobs
Ffbc,https://ats.rippling.com/ffbc/jobs
Fgcplus,https://ats.rippling.com/fgcplus/jobs
Fia Technology Services,https://ats.rippling.com/fia-technology-services/jobs
Fieldpulse,https://ats.rippling.com/fieldpulse/jobs
Finley Technologies,https://ats.rippling.com/finley-technologies/jobs
Fintrx Careers,https://ats.rippling.com/fintrx-careers/jobs
Firegang Dental Marketing,https://ats.rippling.com/firegang-dental-marketing/jobs
Firstfedcareers,https://ats.rippling.com/firstfedcareers/jobs
Flatiron School,https://ats.rippling.com/flatiron-school/jobs
Fleet Data Centers,https://ats.rippling.com/fleet-data-centers/jobs
Flex Dental,https://ats.rippling.com/flex-dental/jobs
Flighthouse,https://ats.rippling.com/flighthouse/jobs
Fluidai Medical Careers,https://ats.rippling.com/fluidai-medical-careers/jobs
Fluidlogic,https://ats.rippling.com/fluidlogic/jobs
Flynaut,https://ats.rippling.com/flynaut/jobs
Focaldata,https://ats.rippling.com/focaldata/jobs
Focus Learning Corporation,https://ats.rippling.com/focus-learning-corporation/jobs
Fogsphere,https://ats.rippling.com/fogsphere/jobs
Fold Inc,https://ats.rippling.com/fold-inc/jobs
Foodshare Careers,https://ats.rippling.com/foodshare-careers/jobs
Forcemultiply Jobs,https://ats.rippling.com/forcemultiply-jobs/jobs
Foremostcareers,https://ats.rippling.com/foremostcareers/jobs
Foreup,https://ats.rippling.com/foreup/jobs
Formant Careers,https://ats.rippling.com/formant-careers/jobs
Forterra,https://ats.rippling.com/forterra/jobs
Forum Financial Management,https://ats.rippling.com/forum-financial-management/jobs
Forum Solutions Llc,https://ats.rippling.com/forum-solutions-llc/jobs
Forward Creative Inc,https://ats.rippling.com/forward-creative-inc/jobs
Foundant Careers,https://ats.rippling.com/foundant-careers/jobs
Foundation Robotics,https://ats.rippling.com/foundation-robotics/jobs
Framework,https://ats.rippling.com/framework/jobs
Frank And Eileen,https://ats.rippling.com/frank-and-eileen/jobs
Free Market Health,https://ats.rippling.com/free-market-health/jobs
Fresh Careers,https://ats.rippling.com/fresh-careers/jobs
Frps,https://ats.rippling.com/frps/jobs
Fs Builder Resources,https://ats.rippling.com/fs-builder-resources/jobs
Fsg,https://ats.rippling.com/fsg/jobs
Fuelingbrainscareers,https://ats.rippling.com/fuelingbrainscareers/jobs
Fusion Health,https://ats.rippling.com/fusion-health/jobs
Fusionsleep,https://ats.rippling.com/fusionsleep/jobs
Futu Us Moomoo,https://ats.rippling.com/futu-us_moomoo/jobs
Futuri Careers,https://ats.rippling.com/futuri-careers/jobs
Gaiias Open Positions,https://ats.rippling.com/gaiias-open-positions/jobs
Gains Intermediate,https://ats.rippling.com/gains-intermediate/jobs
Gala,https://ats.rippling.com/gala/jobs
Galileo,https://ats.rippling.com/galileo/jobs
Gamerschoice,https://ats.rippling.com/gamerschoice/jobs
Gamesight,https://ats.rippling.com/gamesight/jobs
Gaspars Construction,https://ats.rippling.com/gaspars-construction/jobs
General,https://ats.rippling.com/general/jobs
Genios Ai,https://ats.rippling.com/genios-ai/jobs
Georgetownhill,https://ats.rippling.com/georgetownhill/jobs
Gershautism,https://ats.rippling.com/gershautism/jobs
Get Covered Insurance,https://ats.rippling.com/get-covered-insurance/jobs
Get Engaged,https://ats.rippling.com/get-engaged/jobs
Gff Careers,https://ats.rippling.com/gff-careers/jobs
Gffinternships,https://ats.rippling.com/gffinternships/jobs
Gfg Career Page,https://ats.rippling.com/gfg-career-page/jobs
Gitar Careers,https://ats.rippling.com/gitar-careers/jobs
Givebacks,https://ats.rippling.com/givebacks/jobs
Glass Roots Construction Llc,https://ats.rippling.com/glass-roots-construction-llc/jobs
Glasshouse,https://ats.rippling.com/glasshouse/jobs
Glen Group V2,https://ats.rippling.com/glen-group-v2/jobs
Glengroup,https://ats.rippling.com/glengroup/jobs
Global Greengrants Fund Uk,https://ats.rippling.com/global-greengrants-fund-uk/jobs
Global Health Action,https://ats.rippling.com/global-health-action/jobs
Gloo Llc,https://ats.rippling.com/gloo-llc/jobs
Gobolt,https://ats.rippling.com/gobolt/jobs
Good Roots Hiring Fy 2025,https://ats.rippling.com/good-roots-hiring-fy-2025/jobs
Govly,https://ats.rippling.com/govly/jobs
Grandbridge Corporation Careers,https://ats.rippling.com/grandbridge-corporation-careers/jobs
Gravity,https://ats.rippling.com/gravity/jobs
Greenbrook,https://ats.rippling.com/greenbrook/jobs
Gridsight,https://ats.rippling.com/gridsight/jobs
Grifin,https://ats.rippling.com/grifin/jobs
Gsgh,https://ats.rippling.com/gsgh/jobs
Gshawaii,https://ats.rippling.com/gshawaii/jobs
Gsm Jobs,https://ats.rippling.com/gsm-jobs/jobs
Gtp Software Inc,https://ats.rippling.com/gtp-software-inc/jobs
Hacksmith,https://ats.rippling.com/hacksmith/jobs
Halborn Inc,https://ats.rippling.com/halborn-inc/jobs
Halborn,https://ats.rippling.com/halborn/jobs
Halker Consulting,https://ats.rippling.com/halker-consulting/jobs
Hammerspace,https://ats.rippling.com/hammerspace/jobs
Hancock Processing,https://ats.rippling.com/hancock-processing/jobs
Handscareers,https://ats.rippling.com/handscareers/jobs
Harborcompliance,https://ats.rippling.com/harborcompliance/jobs
Harness Careers,https://ats.rippling.com/harness-careers/jobs
Harrison Group,https://ats.rippling.com/harrison-group/jobs
Hawkcell Careers,https://ats.rippling.com/hawkcell-careers/jobs
Healthbar Careers,https://ats.rippling.com/healthbar-careers/jobs
Healthcare Provider Solutions,https://ats.rippling.com/healthcare-provider-solutions/jobs
Healthsnapcareers,https://ats.rippling.com/healthsnapcareers/jobs
Hearth Careers,https://ats.rippling.com/hearth-careers/jobs
Heggerty Careers,https://ats.rippling.com/heggerty-careers/jobs
Hello82 Careers,https://ats.rippling.com/hello82-careers/jobs
Helloherojobboard,https://ats.rippling.com/helloherojobboard/jobs
Hep North America Careers,https://ats.rippling.com/hep-north-america-careers/jobs
Hercules Careers,https://ats.rippling.com/hercules-careers/jobs
Hey Lieu,https://ats.rippling.com/hey-lieu/jobs
Hhcs Careers,https://ats.rippling.com/hhcs-careers/jobs
Hhrd Careers,https://ats.rippling.com/hhrd-careers/jobs
Highspeedtraining,https://ats.rippling.com/highspeedtraining/jobs
Highwire,https://ats.rippling.com/highwire/jobs
Hiive,https://ats.rippling.com/hiive/jobs
Hinghamsavings,https://ats.rippling.com/hinghamsavings/jobs
Hockeystack Careers,https://ats.rippling.com/hockeystack-careers/jobs
Home Carpet One,https://ats.rippling.com/home-carpet-one/jobs
Hometown Np Va,https://ats.rippling.com/hometown-np-va/jobs
Hopotx,https://ats.rippling.com/hopotx/jobs
Howard Financial,https://ats.rippling.com/howard-financial/jobs
Hoyack,https://ats.rippling.com/hoyack/jobs
Hqo,https://ats.rippling.com/hqo/jobs
Humanity Hr Careers,https://ats.rippling.com/humanity-hr-careers/jobs
Hungerhub,https://ats.rippling.com/hungerhub/jobs
Hunterstrategy,https://ats.rippling.com/hunterstrategy/jobs
Huntridge Labs Careers,https://ats.rippling.com/huntridge-labs-careers/jobs
Husted Communications Inc Hci,https://ats.rippling.com/husted-communications-inc-hci/jobs
Hutch Ads Job Board,https://ats.rippling.com/hutch-ads-job-board/jobs
Hyperfi,https://ats.rippling.com/hyperfi/jobs
Ias Careers,https://ats.rippling.com/ias-careers/jobs
Icanotes Llc,https://ats.rippling.com/icanotes-llc/jobs
Ice Castles Llc,https://ats.rippling.com/ice-castles-llc/jobs
Iclacademy,https://ats.rippling.com/iclacademy/jobs
Icon Property Management,https://ats.rippling.com/icon-property-management/jobs
Icp Careers,https://ats.rippling.com/icp-careers/jobs
Icp Globalcareers,https://ats.rippling.com/icp-globalcareers/jobs
Icp,https://ats.rippling.com/icp/jobs
Ifrog Marketing Solutions,https://ats.rippling.com/ifrog-marketing-solutions/jobs
Illumina Technology Solutions,https://ats.rippling.com/illumina-technology-solutions/jobs
Impartner Software,https://ats.rippling.com/impartner-software/jobs
Imstrat,https://ats.rippling.com/imstrat/jobs
Incline Pc Group,https://ats.rippling.com/incline-pc-group/jobs
Incredible Health,https://ats.rippling.com/incredible-health/jobs
Indivisible Project Careers,https://ats.rippling.com/indivisible-project-careers/jobs
Infinitus,https://ats.rippling.com/infinitus/jobs
Infinitygroup,https://ats.rippling.com/infinitygroup/jobs
Infodash,https://ats.rippling.com/infodash/jobs
Infusion,https://ats.rippling.com/infusion/jobs
Inkit Careers,https://ats.rippling.com/inkit-careers/jobs
Inlyte Energy,https://ats.rippling.com/inlyte-energy/jobs
Inquired Careers,https://ats.rippling.com/inquired-careers/jobs
Inseego,https://ats.rippling.com/inseego/jobs
Inspectoriocareers,https://ats.rippling.com/inspectoriocareers/jobs
Inspiration Mobility,https://ats.rippling.com/inspiration-mobility/jobs
Integral,https://ats.rippling.com/integral/jobs
Integrity Corps Careers,https://ats.rippling.com/integrity-corps-careers/jobs
Intellifi,https://ats.rippling.com/intellifi/jobs
Intelliguard,https://ats.rippling.com/intelliguard/jobs
Internal Postings,https://ats.rippling.com/internal-postings/jobs
International Center For Research On Women,https://ats.rippling.com/international-center-for-research-on-women/jobs
Interplaylearning,https://ats.rippling.com/interplaylearning/jobs
Intersection,https://ats.rippling.com/intersection/jobs
Investorkit,https://ats.rippling.com/investorkit/jobs
Invictus Strategy Solutions,https://ats.rippling.com/invictus-strategy-solutions/jobs
Invision,https://ats.rippling.com/invision/jobs
Invita Healthcare Technologies,https://ats.rippling.com/invita-healthcare-technologies/jobs
Ioi,https://ats.rippling.com/ioi/jobs
Ip House,https://ats.rippling.com/ip-house/jobs
Ipc,https://ats.rippling.com/ipc/jobs
Isi Careers,https://ats.rippling.com/isi-careers/jobs
Isonohealth,https://ats.rippling.com/isonohealth/jobs
Issa,https://ats.rippling.com/issa/jobs
Itc Jobs,https://ats.rippling.com/itc-jobs/jobs
Itmc Solutions Llc,https://ats.rippling.com/itmc-solutions-llc/jobs
Iugis Job Board,https://ats.rippling.com/iugis-job-board/jobs
Ixis Career Board,https://ats.rippling.com/ixis-career-board/jobs
J4Rvis Careers,https://ats.rippling.com/j4rvis-careers/jobs
Jampack,https://ats.rippling.com/jampack/jobs
Janfencecareers,https://ats.rippling.com/janfencecareers/jobs
Janus,https://ats.rippling.com/janus/jobs
Javvy Coffee Company,https://ats.rippling.com/javvy-coffee-company/jobs
Jaxen Grey,https://ats.rippling.com/jaxen-grey/jobs
Jayway Travel Inc Openroles,https://ats.rippling.com/jayway-travel-inc-openroles/jobs
Jetson,https://ats.rippling.com/jetson/jobs
Jitsu,https://ats.rippling.com/jitsu/jobs
Jmark Careers,https://ats.rippling.com/jmark-careers/jobs
Job Openings,https://ats.rippling.com/job-openings/jobs
Job Opportunities,https://ats.rippling.com/job-opportunities/jobs
Job Requisitions,https://ats.rippling.com/job-requisitions/jobs
Jobboard,https://ats.rippling.com/jobboard/jobs
Jobs At Tuesday Health,https://ats.rippling.com/jobs-at-tuesday-health/jobs
Jobs Gierd Inc,https://ats.rippling.com/jobs-gierd-inc/jobs
Jobs In True Legacy Homes,https://ats.rippling.com/jobs-in-true-legacy-homes/jobs
Jobs,https://ats.rippling.com/jobs/jobs
Johnson Lambert Careers,https://ats.rippling.com/johnson-lambert-careers/jobs
Join Modern,https://ats.rippling.com/join-modern/jobs
Join The Hipcamp Team,https://ats.rippling.com/join-the-hipcamp-team/jobs
Joinroot,https://ats.rippling.com/joinroot/jobs
Jointheauctusteam,https://ats.rippling.com/jointheauctusteam/jobs
Jome,https://ats.rippling.com/jome/jobs
Jones Road Beauty Careers,https://ats.rippling.com/jones-road-beauty-careers/jobs
Journaltech,https://ats.rippling.com/journaltech/jobs
Jsm Careers,https://ats.rippling.com/jsm-careers/jobs
Jumpstartmd Careers,https://ats.rippling.com/jumpstartmd-careers/jobs
Jus Mundi Careers,https://ats.rippling.com/jus-mundi-careers/jobs
Just Appraised Jobs,https://ats.rippling.com/just-appraised-jobs/jobs
Kaizo Health,https://ats.rippling.com/kaizo-health/jobs
Kaporcenter,https://ats.rippling.com/kaporcenter/jobs
Kaptyn Careers,https://ats.rippling.com/kaptyn-careers/jobs
Karoo Health,https://ats.rippling.com/karoo-health/jobs
Karta,https://ats.rippling.com/karta/jobs
Keeblerhealth,https://ats.rippling.com/keeblerhealth/jobs
Kelcoindustries,https://ats.rippling.com/kelcoindustries/jobs
Kellen,https://ats.rippling.com/kellen/jobs
Kevel Careers,https://ats.rippling.com/kevel-careers/jobs
Keystoneexperts,https://ats.rippling.com/keystoneexperts/jobs
Kick,https://ats.rippling.com/kick/jobs
Kielo,https://ats.rippling.com/kielo/jobs
Kinetic Custom Trailers,https://ats.rippling.com/kinetic-custom-trailers/jobs
Kinetic,https://ats.rippling.com/kinetic/jobs
Kinsmen Group Job Board,https://ats.rippling.com/kinsmen-group-job-board/jobs
Kisi Jobs,https://ats.rippling.com/kisi-jobs/jobs
Kitchen Hub,https://ats.rippling.com/kitchen-hub/jobs
Klen Space Inc,https://ats.rippling.com/klen-space-inc/jobs
Klientboost Careers,https://ats.rippling.com/klientboost-careers/jobs
Kline Company Inc,https://ats.rippling.com/kline-company-inc/jobs
Knexus,https://ats.rippling.com/knexus/jobs
Knksoftware,https://ats.rippling.com/knksoftware/jobs
Knotch Inc,https://ats.rippling.com/knotch-inc/jobs
Kolar Design Career Opportunities,https://ats.rippling.com/kolar-design-career-opportunities/jobs
Kolme Group,https://ats.rippling.com/kolme-group/jobs
Koreai India Careers,https://ats.rippling.com/koreai-india-careers/jobs
Krewe,https://ats.rippling.com/krewe/jobs
Kuvare Jobs,https://ats.rippling.com/kuvare-jobs/jobs
Kwetta,https://ats.rippling.com/kwetta/jobs
L2L Openings,https://ats.rippling.com/l2l-openings/jobs
Lagos,https://ats.rippling.com/lagos/jobs
Lake Careers,https://ats.rippling.com/lake-careers/jobs
Landtrustsantacruz Careers,https://ats.rippling.com/landtrustsantacruz-careers/jobs
Laoss,https://ats.rippling.com/laoss/jobs
Latentai Careers,https://ats.rippling.com/latentai-careers/jobs
Latitudesh Jobs,https://ats.rippling.com/latitudesh-jobs/jobs
Lavender Careers,https://ats.rippling.com/lavender-careers/jobs
Lavu Inc,https://ats.rippling.com/lavu-inc/jobs
Lawvu Careers,https://ats.rippling.com/lawvu-careers/jobs
Layer,https://ats.rippling.com/layer/jobs
Lcacareers,https://ats.rippling.com/lcacareers/jobs
Le Research Employment Opportunities,https://ats.rippling.com/le-research-employment-opportunities/jobs
Leandna,https://ats.rippling.com/leandna/jobs
Legacy Engineering,https://ats.rippling.com/legacy-engineering/jobs
Legitscript Careers,https://ats.rippling.com/legitscript-careers/jobs
Lets Find Some Talent,https://ats.rippling.com/lets-find-some-talent/jobs
Lev,https://ats.rippling.com/lev/jobs
Leverage Companies,https://ats.rippling.com/leverage-companies/jobs
Levin Nalbandyan Llp,https://ats.rippling.com/levin-nalbandyan-llp/jobs
Levonaturals,https://ats.rippling.com/levonaturals/jobs
Lexitas Open Positions,https://ats.rippling.com/lexitas-open-positions/jobs
Lightguide,https://ats.rippling.com/lightguide/jobs
Lighthouseai Careers,https://ats.rippling.com/lighthouseai-careers/jobs
Lilac Solutions,https://ats.rippling.com/lilac-solutions/jobs
Liminal,https://ats.rippling.com/liminal/jobs
Linea Energy,https://ats.rippling.com/linea-energy/jobs
Lineleap,https://ats.rippling.com/lineleap/jobs
Linenmaster,https://ats.rippling.com/linenmaster/jobs
Linqcare Careers,https://ats.rippling.com/linqcare-careers/jobs
Linxup,https://ats.rippling.com/linxup/jobs
Liquiddeath,https://ats.rippling.com/liquiddeath/jobs
Lisinski Law Firm,https://ats.rippling.com/lisinski-law-firm/jobs
Liven,https://ats.rippling.com/liven/jobs
Livewire,https://ats.rippling.com/livewire/jobs
Loam Bio,https://ats.rippling.com/loam-bio/jobs
Loggerhead Risk Management Llc,https://ats.rippling.com/loggerhead-risk-management-llc/jobs
Londonsouthendairport,https://ats.rippling.com/londonsouthendairport/jobs
Longevity Holdings,https://ats.rippling.com/longevity-holdings/jobs
Loop Careers,https://ats.rippling.com/loop-careers/jobs
Loti Ai Inc,https://ats.rippling.com/loti-ai-inc/jobs
Loving,https://ats.rippling.com/loving/jobs
Lpfch,https://ats.rippling.com/lpfch/jobs
Lsdm Jobs,https://ats.rippling.com/lsdm-jobs/jobs
Ltp,https://ats.rippling.com/ltp/jobs
Lucid Bots Jobs,https://ats.rippling.com/lucid-bots-jobs/jobs
Luma Financial Technologies,https://ats.rippling.com/luma-financial-technologies/jobs
Luminarycloud,https://ats.rippling.com/luminarycloud/jobs
Luupli,https://ats.rippling.com/luupli/jobs
Lylaw Recruitment,https://ats.rippling.com/lylaw-recruitment/jobs
Lynx Software Technologies,https://ats.rippling.com/lynx-software-technologies/jobs
Lyon Aviation Careers,https://ats.rippling.com/lyon-aviation-careers/jobs
Makers Jobs,https://ats.rippling.com/makers-jobs/jobs
Malwarebytes,https://ats.rippling.com/malwarebytes/jobs
Managepoint,https://ats.rippling.com/managepoint/jobs
Manhead Careers,https://ats.rippling.com/manhead-careers/jobs
Mapped,https://ats.rippling.com/mapped/jobs
Maps,https://ats.rippling.com/maps/jobs
Marcus Thomas Careers,https://ats.rippling.com/marcus-thomas-careers/jobs
Marketonce,https://ats.rippling.com/marketonce/jobs
Martello Re,https://ats.rippling.com/martello-re/jobs
Martinbrulestudio,https://ats.rippling.com/martinbrulestudio/jobs
Maven Roofing,https://ats.rippling.com/maven-roofing/jobs
Maxwell Careers,https://ats.rippling.com/maxwell-careers/jobs
Mbryonics,https://ats.rippling.com/mbryonics/jobs
Mc Turbo Acquistion Llc,https://ats.rippling.com/mc-turbo-acquistion-llc/jobs
Mccicareers,https://ats.rippling.com/mccicareers/jobs
Mcim,https://ats.rippling.com/mcim/jobs
Mdb Health Services,https://ats.rippling.com/mdb-health-services/jobs
Mdintegrations,https://ats.rippling.com/mdintegrations/jobs
Mdjobboard,https://ats.rippling.com/mdjobboard/jobs
Measurabljobs,https://ats.rippling.com/measurabljobs/jobs
Medallion Careers,https://ats.rippling.com/medallion-careers/jobs
Meddicc,https://ats.rippling.com/meddicc/jobs
Medicom Careers,https://ats.rippling.com/medicom-careers/jobs
Mei Employment,https://ats.rippling.com/mei-employment/jobs
Member Access Processing,https://ats.rippling.com/member-access-processing/jobs
Memryx,https://ats.rippling.com/memryx/jobs
Menadier,https://ats.rippling.com/menadier/jobs
Menlochurch,https://ats.rippling.com/menlochurch/jobs
Meridian Counseling Careers,https://ats.rippling.com/meridian-counseling-careers/jobs
Meritus Property Group,https://ats.rippling.com/meritus-property-group/jobs
Meroka,https://ats.rippling.com/meroka/jobs
Messagegears Llc,https://ats.rippling.com/messagegears-llc/jobs
Meundies Recruiting,https://ats.rippling.com/meundies-recruiting/jobs
Mfourmobileresearch,https://ats.rippling.com/mfourmobileresearch/jobs
Mhpmhrw,https://ats.rippling.com/mhpmhrw/jobs
Microtransponder,https://ats.rippling.com/microtransponder/jobs
Miebach Northamerica Career Page,https://ats.rippling.com/miebach-northamerica-career-page/jobs
Mikata,https://ats.rippling.com/mikata/jobs
Mila Careers,https://ats.rippling.com/mila-careers/jobs
Mile Marker,https://ats.rippling.com/mile-marker/jobs
Million Dollar Baby Co,https://ats.rippling.com/million-dollar-baby-co/jobs
Mindcaresolutions Careers,https://ats.rippling.com/mindcaresolutions-careers/jobs
Mission Underwriting Services,https://ats.rippling.com/mission-underwriting-services/jobs
Mission Zero Technologies,https://ats.rippling.com/mission-zero-technologies/jobs
Misterpexpress,https://ats.rippling.com/misterpexpress/jobs
Momentumcareers,https://ats.rippling.com/momentumcareers/jobs
Mona Lee Inc,https://ats.rippling.com/mona-lee-inc/jobs
Montaratx,https://ats.rippling.com/montaratx/jobs
Montech Inc,https://ats.rippling.com/montech-inc/jobs
Moon,https://ats.rippling.com/moon/jobs
Moov,https://ats.rippling.com/moov/jobs
Motion,https://ats.rippling.com/motion/jobs
Motive Power Careers,https://ats.rippling.com/motive-power-careers/jobs
Motown Museum Employment,https://ats.rippling.com/motown-museum-employment/jobs
Moxiworks Careers,https://ats.rippling.com/moxiworks-careers/jobs
Mozn Ai,https://ats.rippling.com/mozn-ai/jobs
Mrorthopedics,https://ats.rippling.com/mrorthopedics/jobs
Msa Careers,https://ats.rippling.com/msa-careers/jobs
Msm,https://ats.rippling.com/msm/jobs
Mspark Careers,https://ats.rippling.com/mspark-careers/jobs
Muchacho,https://ats.rippling.com/muchacho/jobs
Mvl Usa Inc,https://ats.rippling.com/mvl-usa-inc/jobs
Mybeacon,https://ats.rippling.com/mybeacon/jobs
Mydnainc,https://ats.rippling.com/mydnainc/jobs
Mykaarma,https://ats.rippling.com/mykaarma/jobs
Mytra,https://ats.rippling.com/mytra/jobs
N3Xt Jobs,https://ats.rippling.com/n3xt-jobs/jobs
Nanovation Careers,https://ats.rippling.com/nanovation-careers/jobs
National Academy For State Health Policy,https://ats.rippling.com/national-academy-for-state-health-policy/jobs
Nativo,https://ats.rippling.com/nativo/jobs
Natureservecareers,https://ats.rippling.com/natureservecareers/jobs
Ncheng,https://ats.rippling.com/ncheng/jobs
Ncs Engineers,https://ats.rippling.com/ncs-engineers/jobs
Neo Financial,https://ats.rippling.com/neo-financial/jobs
Nerdio Careers,https://ats.rippling.com/nerdio-careers/jobs
Nest,https://ats.rippling.com/nest/jobs
Nesto,https://ats.rippling.com/nesto/jobs
Nestogroup,https://ats.rippling.com/nestogroup/jobs
Netatwork,https://ats.rippling.com/netatwork/jobs
Netrality Careers,https://ats.rippling.com/netrality-careers/jobs
Netwrix Corporation,https://ats.rippling.com/netwrix-corporation/jobs
Newreacheducation,https://ats.rippling.com/newreacheducation/jobs
Newuni Careers,https://ats.rippling.com/newuni-careers/jobs
Next Door Lending Careers,https://ats.rippling.com/next-door-lending-careers/jobs
Nikohealth,https://ats.rippling.com/nikohealth/jobs
Nisn,https://ats.rippling.com/nisn/jobs
Nocd,https://ats.rippling.com/nocd/jobs
Nokrecommerce,https://ats.rippling.com/nokrecommerce/jobs
North One,https://ats.rippling.com/north-one/jobs
North Point Hospitality,https://ats.rippling.com/north-point-hospitality/jobs
Novata,https://ats.rippling.com/novata/jobs
Novellus Careers,https://ats.rippling.com/novellus-careers/jobs
Nox Health,https://ats.rippling.com/nox-health/jobs
Nox Medical,https://ats.rippling.com/nox-medical/jobs
Noynim,https://ats.rippling.com/noynim/jobs
Nstxl,https://ats.rippling.com/nstxl/jobs
Nuovo,https://ats.rippling.com/nuovo/jobs
Nutrient,https://ats.rippling.com/nutrient/jobs
Nwsl Boston Open Positions,https://ats.rippling.com/nwsl-boston-open-positions/jobs
Oasissolutions,https://ats.rippling.com/oasissolutions/jobs
Obie,https://ats.rippling.com/obie/jobs
Obr,https://ats.rippling.com/obr/jobs
Occidentalroofing,https://ats.rippling.com/occidentalroofing/jobs
Oceansls,https://ats.rippling.com/oceansls/jobs
Oddbytes Llc,https://ats.rippling.com/oddbytes-llc/jobs
Ofp,https://ats.rippling.com/ofp/jobs
Ogp,https://ats.rippling.com/ogp/jobs
Oguz Law,https://ats.rippling.com/oguz-law/jobs
On Point Holdings Llc,https://ats.rippling.com/on-point-holdings-llc/jobs
Onebeatdancebrands,https://ats.rippling.com/onebeatdancebrands/jobs
Oneorigin,https://ats.rippling.com/oneorigin/jobs
Onescreenai,https://ats.rippling.com/onescreenai/jobs
Onfleet Careers,https://ats.rippling.com/onfleet-careers/jobs
Onware,https://ats.rippling.com/onware/jobs
Onx,https://ats.rippling.com/onx/jobs
Opaque,https://ats.rippling.com/opaque/jobs
Open Jobs,https://ats.rippling.com/open-jobs/jobs
Open Positions At Amberflo,https://ats.rippling.com/open-positions-at-amberflo/jobs
Open Positions Zoovu,https://ats.rippling.com/open-positions-zoovu/jobs
Open Roles,https://ats.rippling.com/open-roles/jobs
Opennetworks,https://ats.rippling.com/opennetworks/jobs
Opiniion,https://ats.rippling.com/opiniion/jobs
Opportunities Inc,https://ats.rippling.com/opportunities-inc/jobs
Opportunities,https://ats.rippling.com/opportunities/jobs
Optigon,https://ats.rippling.com/optigon/jobs
Orbital Operations,https://ats.rippling.com/orbital-operations/jobs
Orbitfab,https://ats.rippling.com/orbitfab/jobs
Orderful,https://ats.rippling.com/orderful/jobs
Orthoatlanta,https://ats.rippling.com/orthoatlanta/jobs
Orthofeet,https://ats.rippling.com/orthofeet/jobs
Orthofi Open Roles,https://ats.rippling.com/orthofi-open-roles/jobs
Orthopediatrics,https://ats.rippling.com/orthopediatrics/jobs
Outbuild Technologies Inc,https://ats.rippling.com/outbuild-technologies-inc/jobs
Outsmart,https://ats.rippling.com/outsmart/jobs
Ovyl Careers,https://ats.rippling.com/ovyl-careers/jobs
Ow Careers,https://ats.rippling.com/ow-careers/jobs
Owc,https://ats.rippling.com/owc/jobs
Owlet,https://ats.rippling.com/owlet/jobs
Ox Biomed,https://ats.rippling.com/ox-biomed/jobs
Oxbridge Health,https://ats.rippling.com/oxbridge-health/jobs
Pace,https://ats.rippling.com/pace/jobs
Packetlabs,https://ats.rippling.com/packetlabs/jobs
Pai Job Board,https://ats.rippling.com/pai-job-board/jobs
Pandowealth,https://ats.rippling.com/pandowealth/jobs
Paneratech101Fe Us,https://ats.rippling.com/paneratech101fe_us/jobs
Panthera Careers,https://ats.rippling.com/panthera-careers/jobs
Paradise Media Recruitment,https://ats.rippling.com/paradise-media-recruitment/jobs
Parentsquare,https://ats.rippling.com/parentsquare/jobs
Partnerco,https://ats.rippling.com/partnerco/jobs
Pathfinder Consultants Llc,https://ats.rippling.com/pathfinder-consultants-llc/jobs
Pathos,https://ats.rippling.com/pathos/jobs
Patientfi,https://ats.rippling.com/patientfi/jobs
Patientnow,https://ats.rippling.com/patientnow/jobs
Patriot Erectors Llc,https://ats.rippling.com/patriot-erectors-llc/jobs
Patriot Trinity Llc,https://ats.rippling.com/patriot-trinity-llc/jobs
Patronus Ai Jobs,https://ats.rippling.com/patronus-ai-jobs/jobs
Paxafe,https://ats.rippling.com/paxafe/jobs
Pdq,https://ats.rippling.com/pdq/jobs
Peak Power Careers,https://ats.rippling.com/peak-power-careers/jobs
Peakhealth Ai,https://ats.rippling.com/peakhealth-ai/jobs
Pear Suites Career Page,https://ats.rippling.com/pear-suites-career-page/jobs
Pearl Inc,https://ats.rippling.com/pearl-inc/jobs
Peerlesscareers,https://ats.rippling.com/peerlesscareers/jobs
Pen Manufacturing,https://ats.rippling.com/pen-manufacturing/jobs
Pendulum Intelligence Jobs,https://ats.rippling.com/pendulum-intelligence-jobs/jobs
Pendulum Jobs,https://ats.rippling.com/pendulum-jobs/jobs
Perfecting Peds,https://ats.rippling.com/perfecting-peds/jobs
Perle,https://ats.rippling.com/perle/jobs
Personifycorp,https://ats.rippling.com/personifycorp/jobs
Pet Screening Job Board,https://ats.rippling.com/pet-screening-job-board/jobs
Petersen Automotive Museum,https://ats.rippling.com/petersen-automotive-museum/jobs
Pff Careers,https://ats.rippling.com/pff-careers/jobs
Pgcareers,https://ats.rippling.com/pgcareers/jobs
Pgicareers,https://ats.rippling.com/pgicareers/jobs
Phase2 Careers,https://ats.rippling.com/phase2-careers/jobs
Phi Open Jobs,https://ats.rippling.com/phi-open-jobs/jobs
Picpa Careers,https://ats.rippling.com/picpa-careers/jobs
Pimlico Capital,https://ats.rippling.com/pimlico-capital/jobs
Planhub Inc,https://ats.rippling.com/planhub-inc/jobs
Planning Center Careers,https://ats.rippling.com/planning-center-careers/jobs
Plantiblefoods,https://ats.rippling.com/plantiblefoods/jobs
Plenful,https://ats.rippling.com/plenful/jobs
Pna Internal,https://ats.rippling.com/pna-internal/jobs
Poggio,https://ats.rippling.com/poggio/jobs
Polar Sky,https://ats.rippling.com/polar-sky/jobs
Popstroke Job Board 1924,https://ats.rippling.com/popstroke-job-board-1924/jobs
Portex,https://ats.rippling.com/portex/jobs
Portside,https://ats.rippling.com/portside/jobs
Positron,https://ats.rippling.com/positron/jobs
Power Takeoff Careers,https://ats.rippling.com/power-takeoff-careers/jobs
Praos Smart Security,https://ats.rippling.com/praos-smart-security/jobs
Prepory,https://ats.rippling.com/prepory/jobs
Preventive Medicine,https://ats.rippling.com/preventive-medicine/jobs
Primerx,https://ats.rippling.com/primerx/jobs
Primesecurity,https://ats.rippling.com/primesecurity/jobs
Priorities,https://ats.rippling.com/priorities/jobs
Prisma Careers,https://ats.rippling.com/prisma-careers/jobs
Pro Vizion,https://ats.rippling.com/pro-vizion/jobs
Processunity,https://ats.rippling.com/processunity/jobs
Product Insight,https://ats.rippling.com/product-insight/jobs
Proformance Builder Solutions,https://ats.rippling.com/proformance-builder-solutions/jobs
Programa,https://ats.rippling.com/programa/jobs
Pronghorn Careers,https://ats.rippling.com/pronghorn-careers/jobs
Pronto,https://ats.rippling.com/pronto/jobs
Propellic,https://ats.rippling.com/propellic/jobs
Proseno,https://ats.rippling.com/proseno/jobs
Proshop,https://ats.rippling.com/proshop/jobs
Protect Life Careers,https://ats.rippling.com/protect-life-careers/jobs
Protopie Careers,https://ats.rippling.com/protopie-careers/jobs
Pt Br,https://ats.rippling.com/pt-br/jobs
Pts Bb,https://ats.rippling.com/pts-bb/jobs
Purefacts Jobs,https://ats.rippling.com/purefacts_jobs/jobs
Purespectrum,https://ats.rippling.com/purespectrum/jobs
Qalamcareers,https://ats.rippling.com/qalamcareers/jobs
Qu Careers,https://ats.rippling.com/qu-careers/jobs
Quality Tank Solutions,https://ats.rippling.com/quality-tank-solutions/jobs
Qualsights,https://ats.rippling.com/qualsights/jobs
Quantum Industrial Services,https://ats.rippling.com/quantum-industrial-services/jobs
Quartermaster,https://ats.rippling.com/quartermaster/jobs
Quavo Inc,https://ats.rippling.com/quavo-inc/jobs
Qucareers,https://ats.rippling.com/qucareers/jobs
Quotapath,https://ats.rippling.com/quotapath/jobs
R2,https://ats.rippling.com/r2/jobs
Radian Generation,https://ats.rippling.com/radian-generation/jobs
Radicl Defense,https://ats.rippling.com/radicl-defense/jobs
Rallyware Careers,https://ats.rippling.com/rallyware-careers/jobs
Rangeprinting,https://ats.rippling.com/rangeprinting/jobs
Rarecarat Career,https://ats.rippling.com/rarecarat-career/jobs
Razorhorse Capital,https://ats.rippling.com/razorhorse-capital/jobs
React Digital,https://ats.rippling.com/react-digital/jobs
Reailizecareers,https://ats.rippling.com/reailizecareers/jobs
Rearc,https://ats.rippling.com/rearc/jobs
Recom Careers,https://ats.rippling.com/recom-careers/jobs
Redaspen Careers,https://ats.rippling.com/redaspen-careers/jobs
Redbaycoffeecareers,https://ats.rippling.com/redbaycoffeecareers/jobs
Redeemer Presbyterian Church Lincoln Square,https://ats.rippling.com/redeemer-presbyterian-church-lincoln-square/jobs
Redford Center,https://ats.rippling.com/redford-center/jobs
Redirect Health Careers,https://ats.rippling.com/redirect-health-careers/jobs
Reforge,https://ats.rippling.com/reforge/jobs
Regent Surgical Careers,https://ats.rippling.com/regent-surgical-careers/jobs
Relentless,https://ats.rippling.com/relentless/jobs
Relicekr Jobs,https://ats.rippling.com/relicekr-jobs/jobs
Remedy Place Careers,https://ats.rippling.com/remedy-place-careers/jobs
Remote Legal,https://ats.rippling.com/remote-legal/jobs
Rentspree,https://ats.rippling.com/rentspree/jobs
Rentvine,https://ats.rippling.com/rentvine/jobs
Renumerate,https://ats.rippling.com/renumerate/jobs
Reperio,https://ats.rippling.com/reperio/jobs
Resibrands Careers,https://ats.rippling.com/resibrands-careers/jobs
Resourcemonitor,https://ats.rippling.com/resourcemonitor/jobs
Resourcewise,https://ats.rippling.com/resourcewise/jobs
Resulting Careers,https://ats.rippling.com/resulting-careers/jobs
Resurety,https://ats.rippling.com/resurety/jobs
Reup Education,https://ats.rippling.com/reup-education/jobs
Revalia,https://ats.rippling.com/revalia/jobs
Reverb Careers,https://ats.rippling.com/reverb-careers/jobs
Revolution Prep Careers,https://ats.rippling.com/revolution-prep-careers/jobs
Revolution Prep Handshake,https://ats.rippling.com/revolution-prep-handshake/jobs
Revoptimal,https://ats.rippling.com/revoptimal/jobs
Revv,https://ats.rippling.com/revv/jobs
Revyse,https://ats.rippling.com/revyse/jobs
Rhythms,https://ats.rippling.com/rhythms/jobs
Rightcrowdcareers,https://ats.rippling.com/rightcrowdcareers/jobs
Riot Platforms Careers,https://ats.rippling.com/riot-platforms-careers/jobs
Rippling,https://ats.rippling.com/rippling/jobs
Ritual,https://ats.rippling.com/ritual/jobs
Rivet Industries,https://ats.rippling.com/rivet-industries/jobs
Rivet,https://ats.rippling.com/rivet/jobs
Rma Worldwide Chauffeured Transportation Careers Page,https://ats.rippling.com/rma-worldwide-chauffeured-transportation-careers-page/jobs
Rnwbl,https://ats.rippling.com/rnwbl/jobs
Road Rebel Global,https://ats.rippling.com/road-rebel-global/jobs
Roar,https://ats.rippling.com/roar/jobs
Roberts Civil Engineering Careers,https://ats.rippling.com/roberts-civil-engineering-careers/jobs
Rocket Clicks Careers,https://ats.rippling.com/rocket-clicks-careers/jobs
Rohirrim,https://ats.rippling.com/rohirrim/jobs
Roligo Dental,https://ats.rippling.com/roligo-dental/jobs
Routeware Careers,https://ats.rippling.com/routeware-careers/jobs
Rovia,https://ats.rippling.com/rovia/jobs
Rowi,https://ats.rippling.com/rowi/jobs
Royalbrassandhose,https://ats.rippling.com/royalbrassandhose/jobs
Rpc West Side,https://ats.rippling.com/rpc_west_side/jobs
Rsa Security,https://ats.rippling.com/rsa-security/jobs
Rts Careers,https://ats.rippling.com/rts-careers/jobs
Rudderstack Careers,https://ats.rippling.com/rudderstack-careers/jobs
Rugsusa,https://ats.rippling.com/rugsusa/jobs
Rxredefined,https://ats.rippling.com/rxredefined/jobs
Sable International,https://ats.rippling.com/sable-international/jobs
Saclgbt,https://ats.rippling.com/saclgbt/jobs
Safety Radar Careers,https://ats.rippling.com/safety-radar-careers/jobs
Safetyiq,https://ats.rippling.com/safetyiq/jobs
Sales Hub Careers,https://ats.rippling.com/sales-hub-careers/jobs
Salesai,https://ats.rippling.com/salesai/jobs
Salus Careers,https://ats.rippling.com/salus-careers/jobs
Sanas,https://ats.rippling.com/sanas/jobs
Sapient Bioanalytics,https://ats.rippling.com/sapient-bioanalytics/jobs
Sarasota Arthritis Center,https://ats.rippling.com/sarasota-arthritis-center/jobs
Satomic,https://ats.rippling.com/satomic/jobs
Savant Labs Inc,https://ats.rippling.com/savant-labs-inc/jobs
Sbdo Pm Holdings Pty Ltd,https://ats.rippling.com/sbdo-pm-holdings-pty-ltd/jobs
Scentbird,https://ats.rippling.com/scentbird/jobs
Schoolai,https://ats.rippling.com/schoolai/jobs
Sciens Logistics,https://ats.rippling.com/sciens-logistics/jobs
Scm Job Board,https://ats.rippling.com/scm-job-board/jobs
Scope3Pbc,https://ats.rippling.com/scope3pbc/jobs
Scoutbee,https://ats.rippling.com/scoutbee/jobs
Scratch Financial,https://ats.rippling.com/scratch-financial/jobs
Scs Job Board,https://ats.rippling.com/scs-job-board/jobs
Sdl,https://ats.rippling.com/sdl/jobs
Search Leaders Llc,https://ats.rippling.com/search-leaders-llc/jobs
Searchbloom Careers,https://ats.rippling.com/searchbloom-careers/jobs
Season Health,https://ats.rippling.com/season-health/jobs
Seasoncareers,https://ats.rippling.com/seasoncareers/jobs
Seattle Credit Union Careers,https://ats.rippling.com/seattle-credit-union-careers/jobs
Secondshopcareers,https://ats.rippling.com/secondshopcareers/jobs
Securabio,https://ats.rippling.com/securabio/jobs
Seentvhiring,https://ats.rippling.com/seentvhiring/jobs
Selfpublishingcom Careers,https://ats.rippling.com/selfpublishingcom-careers/jobs
Senestechcareers,https://ats.rippling.com/senestechcareers/jobs
Senne Open Roles,https://ats.rippling.com/senne-open-roles/jobs
Sensity,https://ats.rippling.com/sensity/jobs
Seqmatic Careers,https://ats.rippling.com/seqmatic-careers/jobs
Serviceupcareers,https://ats.rippling.com/serviceupcareers/jobs
Sevaro Healthcare,https://ats.rippling.com/sevaro-healthcare/jobs
Sgs,https://ats.rippling.com/sgs/jobs
Sheerid,https://ats.rippling.com/sheerid/jobs
Shelter Inc,https://ats.rippling.com/shelter-inc/jobs
Shelvz,https://ats.rippling.com/shelvz/jobs
Shiji Us Careers,https://ats.rippling.com/shiji-us-careers/jobs
Shipium,https://ats.rippling.com/shipium/jobs
Shooster Holdings,https://ats.rippling.com/shooster-holdings/jobs
Sibros Technologies,https://ats.rippling.com/sibros-technologies/jobs
Sifted Open Jobs,https://ats.rippling.com/sifted-open-jobs/jobs
Sightmachine,https://ats.rippling.com/sightmachine/jobs
Signaladvisors,https://ats.rippling.com/signaladvisors/jobs
Silo,https://ats.rippling.com/silo/jobs
Silvaco Careers,https://ats.rippling.com/silvaco-careers/jobs
Simplex Health,https://ats.rippling.com/simplex-health/jobs
Singularity Defense,https://ats.rippling.com/singularity-defense/jobs
Sketchy,https://ats.rippling.com/sketchy/jobs
Skiftjobs,https://ats.rippling.com/skiftjobs/jobs
Skillable Careers,https://ats.rippling.com/skillable-careers/jobs
Skillswave,https://ats.rippling.com/skillswave/jobs
Skyports Limited,https://ats.rippling.com/skyports-limited/jobs
Skyportsdeliveries Limited,https://ats.rippling.com/skyportsdeliveries-limited/jobs
Skytrac,https://ats.rippling.com/skytrac/jobs
Sleuth,https://ats.rippling.com/sleuth/jobs
Slick Rock Tanning Spa,https://ats.rippling.com/slick-rock-tanning-spa/jobs
Smart Tech Contracting,https://ats.rippling.com/smart-tech-contracting/jobs
Smarthostjobs,https://ats.rippling.com/smarthostjobs/jobs
Smartsuite,https://ats.rippling.com/smartsuite/jobs
Smartwyre,https://ats.rippling.com/smartwyre/jobs
Smash,https://ats.rippling.com/smash/jobs
Smedia Job Board,https://ats.rippling.com/smedia-job-board/jobs
Smokeballcareers,https://ats.rippling.com/smokeballcareers/jobs
Snow Peak Usa,https://ats.rippling.com/snow-peak-usa/jobs
Socially Powerful,https://ats.rippling.com/socially-powerful/jobs
Sofive,https://ats.rippling.com/sofive/jobs
Soleno,https://ats.rippling.com/soleno/jobs
Soluna Us Services Llc,https://ats.rippling.com/soluna-us-services-llc/jobs
Solv Health,https://ats.rippling.com/solv-health/jobs
Source,https://ats.rippling.com/source/jobs
Spaceandtimelabs,https://ats.rippling.com/spaceandtimelabs/jobs
Sparq,https://ats.rippling.com/sparq/jobs
Sparx Careers,https://ats.rippling.com/sparx-careers/jobs
Spearhead Careers,https://ats.rippling.com/spearhead-careers/jobs
Sperra,https://ats.rippling.com/sperra/jobs
Splash International,https://ats.rippling.com/splash-international/jobs
Springboard Collaborative,https://ats.rippling.com/springboard-collaborative/jobs
Sqr Careers,https://ats.rippling.com/sqr-careers/jobs
Staffrightcareers,https://ats.rippling.com/staffrightcareers/jobs
Stag Careers,https://ats.rippling.com/stag-careers/jobs
Stark Carpet Corp,https://ats.rippling.com/stark-carpet-corp/jobs
Steamroller Animation,https://ats.rippling.com/steamroller-animation/jobs
Steamroller Technologies,https://ats.rippling.com/steamroller-technologies/jobs
Steed Global Llc,https://ats.rippling.com/steed-global-llc/jobs
Stellar Virtual,https://ats.rippling.com/stellar-virtual/jobs
Steno Careers Page,https://ats.rippling.com/steno-careers-page/jobs
Stewart Amos,https://ats.rippling.com/stewart-amos/jobs
Stillaustin,https://ats.rippling.com/stillaustin/jobs
Stocktwits,https://ats.rippling.com/stocktwits/jobs
Storesight,https://ats.rippling.com/storesight/jobs
Stormwater Pros Llc Careers,https://ats.rippling.com/stormwater-pros-llc-careers/jobs
Strategic Analytix Careers,https://ats.rippling.com/strategic-analytix-careers/jobs
Strategic Operations Inc,https://ats.rippling.com/strategic-operations-inc/jobs
Strong Technical Services Inc,https://ats.rippling.com/strong-technical-services-inc/jobs
Structurecraft,https://ats.rippling.com/structurecraft/jobs
Studentu,https://ats.rippling.com/studentu/jobs
Studiomuseumcareers,https://ats.rippling.com/studiomuseumcareers/jobs
Subbase,https://ats.rippling.com/subbase/jobs
Sugar23 Inc,https://ats.rippling.com/sugar23-inc/jobs
Sugaredandbronzed,https://ats.rippling.com/sugaredandbronzed/jobs
Sumersports,https://ats.rippling.com/sumersports/jobs
Summer Discovery,https://ats.rippling.com/summer-discovery/jobs
Summithq,https://ats.rippling.com/summithq/jobs
Sunco Lighting,https://ats.rippling.com/sunco-lighting/jobs
Sunnymac Careers,https://ats.rippling.com/sunnymac-careers/jobs
Supersocial Careers,https://ats.rippling.com/supersocial-careers/jobs
Supper,https://ats.rippling.com/supper/jobs
Supplierio,https://ats.rippling.com/supplierio/jobs
Suvida Careers,https://ats.rippling.com/suvida-careers/jobs
Svce Test,https://ats.rippling.com/svce-test/jobs
Swag,https://ats.rippling.com/swag/jobs
Sway,https://ats.rippling.com/sway/jobs
Swiftcomply,https://ats.rippling.com/swiftcomply/jobs
Swimoutlet,https://ats.rippling.com/swimoutlet/jobs
Swingtech Careers,https://ats.rippling.com/swingtech-careers/jobs
Swoopishiring,https://ats.rippling.com/swoopishiring/jobs
Synteq Digital,https://ats.rippling.com/synteq-digital/jobs
Syos Aerospace,https://ats.rippling.com/syos-aerospace/jobs
T2 Flex Force,https://ats.rippling.com/t2-flex-force/jobs
T2Tea,https://ats.rippling.com/t2tea/jobs
Ta Realty Llc,https://ats.rippling.com/ta-realty-llc/jobs
Tactibit,https://ats.rippling.com/tactibit/jobs
Tagboard,https://ats.rippling.com/tagboard/jobs
Talent Beyond Boundaries,https://ats.rippling.com/talent-beyond-boundaries/jobs
Talentneuroncareers,https://ats.rippling.com/talentneuroncareers/jobs
Tbcareers,https://ats.rippling.com/tbcareers/jobs
Teachingcom,https://ats.rippling.com/teachingcom/jobs
Team Outsider,https://ats.rippling.com/team-outsider/jobs
Teamworks Careers,https://ats.rippling.com/teamworks-careers/jobs
Techno Careers,https://ats.rippling.com/techno-careers/jobs
Telemed2U,https://ats.rippling.com/telemed2u/jobs
Telespeech Careers,https://ats.rippling.com/telespeech-careers/jobs
Tempo,https://ats.rippling.com/tempo/jobs
Tenpointtx,https://ats.rippling.com/tenpointtx/jobs
Tensure,https://ats.rippling.com/tensure/jobs
Ternus Lending Llc,https://ats.rippling.com/ternus-lending-llc/jobs
Terraytx,https://ats.rippling.com/terraytx/jobs
Test S,https://ats.rippling.com/test-s/jobs
Tevet,https://ats.rippling.com/tevet/jobs
Texicare,https://ats.rippling.com/texicare/jobs
The Accel Group,https://ats.rippling.com/the-accel-group/jobs
The Berlin Steel Construction Company,https://ats.rippling.com/the-berlin-steel-construction-company/jobs
The Blackhawk Group,https://ats.rippling.com/the-blackhawk-group/jobs
The Channel Company Careers,https://ats.rippling.com/the-channel-company-careers/jobs
The Dermatology Specialists,https://ats.rippling.com/the-dermatology-specialists/jobs
The Dermot Company Lp,https://ats.rippling.com/the-dermot-company-lp/jobs
The Immune Co,https://ats.rippling.com/the-immune-co/jobs
The Leonardo Careers,https://ats.rippling.com/the-leonardo-careers/jobs
The Nsls Job Board,https://ats.rippling.com/the-nsls-job-board/jobs
The Origin Way Careers,https://ats.rippling.com/the-origin-way-careers/jobs
The Shelf Careers,https://ats.rippling.com/the-shelf-careers/jobs
The Tech,https://ats.rippling.com/the-tech/jobs
The Wonder Project,https://ats.rippling.com/the-wonder-project/jobs
Theguarantors Open Positions,https://ats.rippling.com/theguarantors-open-positions/jobs
Thehumanreach,https://ats.rippling.com/thehumanreach/jobs
Theinformation Jobs,https://ats.rippling.com/theinformation-jobs/jobs
Therabody,https://ats.rippling.com/therabody/jobs
Thomas Creek,https://ats.rippling.com/thomas-creek/jobs
Thrive Scholars Jobs,https://ats.rippling.com/thrive-scholars-jobs/jobs
Thriveglobal,https://ats.rippling.com/thriveglobal/jobs
Tidal Commerce Inc,https://ats.rippling.com/tidal-commerce-inc/jobs
Tilledcareers,https://ats.rippling.com/tilledcareers/jobs
Titandms,https://ats.rippling.com/titandms/jobs
Tive Careers,https://ats.rippling.com/tive-careers/jobs
Tixr,https://ats.rippling.com/tixr/jobs
Tlazy7Snowmobiles,https://ats.rippling.com/tlazy7snowmobiles/jobs
Tllignitejobs,https://ats.rippling.com/tllignitejobs/jobs
Tmc Hospitality,https://ats.rippling.com/tmc-hospitality/jobs
Tomis Careers,https://ats.rippling.com/tomis-careers/jobs
Topdoglaw,https://ats.rippling.com/topdoglaw/jobs
Topicflow,https://ats.rippling.com/topicflow/jobs
Topquadrant,https://ats.rippling.com/topquadrant/jobs
Toro Steel Buildings,https://ats.rippling.com/toro-steel-buildings/jobs
Tort Experts,https://ats.rippling.com/tort-experts/jobs
Total Ancillary,https://ats.rippling.com/total-ancillary/jobs
Totango,https://ats.rippling.com/totango/jobs
Totus,https://ats.rippling.com/totus/jobs
Tournesol Siteworks,https://ats.rippling.com/tournesol-siteworks/jobs
Tpd Careers,https://ats.rippling.com/tpd-careers/jobs
Tpstalent,https://ats.rippling.com/tpstalent/jobs
Tract Capital,https://ats.rippling.com/tract-capital/jobs
Tract,https://ats.rippling.com/tract/jobs
Transcend Careers,https://ats.rippling.com/transcend-careers/jobs
Transfyr,https://ats.rippling.com/transfyr/jobs
Travefy,https://ats.rippling.com/travefy/jobs
Tread,https://ats.rippling.com/tread/jobs
Treehouse Job Board,https://ats.rippling.com/treehouse-job-board/jobs
Trees,https://ats.rippling.com/trees/jobs
Tri Merit Job Openings,https://ats.rippling.com/tri-merit-job-openings/jobs
Triad Partners,https://ats.rippling.com/triad-partners/jobs
Triplecareers,https://ats.rippling.com/triplecareers/jobs
Triplemoon,https://ats.rippling.com/triplemoon/jobs
Trisearch,https://ats.rippling.com/trisearch/jobs
Troost Management Llc,https://ats.rippling.com/troost-management-llc/jobs
Trove Home Care,https://ats.rippling.com/trove-home-care/jobs
Trucut Incorporated Careers,https://ats.rippling.com/trucut-incorporated-careers/jobs
Trustandwill,https://ats.rippling.com/trustandwill/jobs
Trustlayer Inc,https://ats.rippling.com/trustlayer-inc/jobs
Tunein,https://ats.rippling.com/tunein/jobs
Turntide Careers,https://ats.rippling.com/turntide-careers/jobs
Uap Careers,https://ats.rippling.com/uap-careers/jobs
Ugsolutions,https://ats.rippling.com/ugsolutions/jobs
Uhin Careers,https://ats.rippling.com/uhin-careers/jobs
Ujv,https://ats.rippling.com/ujv/jobs
Unchained,https://ats.rippling.com/unchained/jobs
Unily,https://ats.rippling.com/unily/jobs
United Way Bay Area Careers Board,https://ats.rippling.com/united-way-bay-area-careers-board/jobs
Unityai Jobs,https://ats.rippling.com/unityai-jobs/jobs
Uniuni,https://ats.rippling.com/uniuni/jobs
Universitymedicalpartners,https://ats.rippling.com/universitymedicalpartners/jobs
Unspun,https://ats.rippling.com/unspun/jobs
Uplinq,https://ats.rippling.com/uplinq/jobs
Uride Careers,https://ats.rippling.com/uride-careers/jobs
Us Lawshield,https://ats.rippling.com/us-lawshield/jobs
Usare,https://ats.rippling.com/usare/jobs
Useorigin,https://ats.rippling.com/useorigin/jobs
Utility,https://ats.rippling.com/utility/jobs
Valkyrie,https://ats.rippling.com/valkyrie/jobs
Valle Del Sol,https://ats.rippling.com/valle-del-sol/jobs
Valor,https://ats.rippling.com/valor/jobs
Vantagepoint,https://ats.rippling.com/vantagepoint/jobs
Vaya Adventures,https://ats.rippling.com/vaya-adventures/jobs
Vcheck,https://ats.rippling.com/vcheck/jobs
Vectorhealthai,https://ats.rippling.com/vectorhealthai/jobs
Veefriends Llc,https://ats.rippling.com/veefriends-llc/jobs
Velatura,https://ats.rippling.com/velatura/jobs
Vendorpanel,https://ats.rippling.com/vendorpanel/jobs
Vendr,https://ats.rippling.com/vendr/jobs
Venncareers,https://ats.rippling.com/venncareers/jobs
Venture Outdoors Careeropportunities,https://ats.rippling.com/venture-outdoors-careeropportunities/jobs
Veridian Service Partners,https://ats.rippling.com/veridian-service-partners/jobs
Vermont Systems,https://ats.rippling.com/vermont-systems/jobs
Verra Opportunities,https://ats.rippling.com/verra-opportunities/jobs
Veryable Careers,https://ats.rippling.com/veryable-careers/jobs
Vheda Health,https://ats.rippling.com/vheda-health/jobs
Vidaa Career,https://ats.rippling.com/vidaa_career/jobs
Vimachem,https://ats.rippling.com/vimachem/jobs
Vintage Hill Consulting Llc,https://ats.rippling.com/vintage-hill-consulting-llc/jobs
Vip Hospitality Llc,https://ats.rippling.com/vip-hospitality-llc/jobs
Virtual Front Office,https://ats.rippling.com/virtual-front-office/jobs
Visio Lending Careers,https://ats.rippling.com/visio-lending-careers/jobs
Vision Quest Solutions Inc,https://ats.rippling.com/vision-quest-solutions-inc/jobs
Vividly,https://ats.rippling.com/vividly/jobs
Voltaiq Careers,https://ats.rippling.com/voltaiq-careers/jobs
Vouch Inc,https://ats.rippling.com/vouch-inc/jobs
Voze Careers,https://ats.rippling.com/voze-careers/jobs
Vq Career Page,https://ats.rippling.com/vq-career-page/jobs
Vse Careers,https://ats.rippling.com/vse-careers/jobs
Vts Global Careers,https://ats.rippling.com/vts-global-careers/jobs
Vulcanforms,https://ats.rippling.com/vulcanforms/jobs
W00W00 Inc,https://ats.rippling.com/w00w00-inc/jobs
Walker Health Services,https://ats.rippling.com/walker-health-services/jobs
Wam Global Careers,https://ats.rippling.com/wam-global-careers/jobs
War Room Careers,https://ats.rippling.com/war-room-careers/jobs
Warriorbabe Careers,https://ats.rippling.com/warriorbabe-careers/jobs
Wdscareers,https://ats.rippling.com/wdscareers/jobs
Wearephaedon,https://ats.rippling.com/wearephaedon/jobs
Wearerally,https://ats.rippling.com/wearerally/jobs
Webull,https://ats.rippling.com/webull/jobs
Well Done Chemical Llc,https://ats.rippling.com/well-done-chemical-llc/jobs
Wellinkscareers,https://ats.rippling.com/wellinkscareers/jobs
Whc,https://ats.rippling.com/whc/jobs
When We First,https://ats.rippling.com/when-we-first/jobs
Whisker Labs Careers,https://ats.rippling.com/whisker-labs-careers/jobs
Whistic Careers,https://ats.rippling.com/whistic-careers/jobs
Whitestone Branding Careers,https://ats.rippling.com/whitestone-branding-careers/jobs
Widewail,https://ats.rippling.com/widewail/jobs
Wildfire Defense Systems Inc,https://ats.rippling.com/wildfire-defense-systems-inc/jobs
Windwalker Group,https://ats.rippling.com/windwalker-group/jobs
Wineenthusiast,https://ats.rippling.com/wineenthusiast/jobs
Wiq Careers,https://ats.rippling.com/wiq-careers/jobs
Wisdems,https://ats.rippling.com/wisdems/jobs
Within Health,https://ats.rippling.com/within-health/jobs
Wonderist Agency,https://ats.rippling.com/wonderist-agency/jobs
Workathoem,https://ats.rippling.com/workathoem/jobs
Workshopdigital,https://ats.rippling.com/workshopdigital/jobs
Workspan Inc,https://ats.rippling.com/workspan-inc/jobs
Workstreet,https://ats.rippling.com/workstreet/jobs
Workweek,https://ats.rippling.com/workweek/jobs
Woz,https://ats.rippling.com/woz/jobs
Ww Job Board,https://ats.rippling.com/ww-job-board/jobs
Xirgo Technologies,https://ats.rippling.com/xirgo-technologies/jobs
Xwp,https://ats.rippling.com/xwp/jobs
Xypncareers,https://ats.rippling.com/xypncareers/jobs
Xyz Careers,https://ats.rippling.com/xyz-careers/jobs
Y7 Careers,https://ats.rippling.com/y7-careers/jobs
Ya Careers,https://ats.rippling.com/ya-careers/jobs
Yembo,https://ats.rippling.com/yembo/jobs
Yieldstreet,https://ats.rippling.com/yieldstreet/jobs
Young Americans For Liberty,https://ats.rippling.com/young-americans-for-liberty/jobs
Youtooz,https://ats.rippling.com/youtooz/jobs
Zadentech,https://ats.rippling.com/zadentech/jobs
Zap Energy Careers,https://ats.rippling.com/zap-energy-careers/jobs
Zevra,https://ats.rippling.com/zevra/jobs
Zivian Health Inc,https://ats.rippling.com/zivian-health-inc/jobs
Zo Motors North America Llc,https://ats.rippling.com/zo-motors-north-america-llc/jobs
Zooby Neighborhood Superheroes,https://ats.rippling.com/zooby-neighborhood-superheroes/jobs
Zrg Partners Careers,https://ats.rippling.com/zrg-partners-careers/jobs
Zrg Partners Llc Talent Community,https://ats.rippling.com/zrg-partners-llc-talent-community/jobs
Zuckerman Investment Group,https://ats.rippling.com/zuckerman-investment-group/jobs
Zymeworks Careers,https://ats.rippling.com/zymeworks-careers/jobs
