name,url
100Ms,https://jobs.lever.co/100ms
15Five,https://jobs.lever.co/15five
1840&Company,https://jobs.lever.co/1840%26company
1840&Company,https://jobs.lever.co/1840&company
1Inch,https://jobs.lever.co/1inch
1Password,https://jobs.lever.co/1password
21Hhs,https://jobs.lever.co/21hhs
2Brains,https://jobs.lever.co/2brains
2Os,https://jobs.lever.co/2os
32Co,https://jobs.lever.co/32co
360Learning,https://jobs.lever.co/360learning
3Eco,https://jobs.lever.co/3eco
3Pillarglobal,https://jobs.lever.co/3pillarglobal
500,https://jobs.lever.co/500
8Bitplay,https://jobs.lever.co/8bitplay
90Seconds,https://jobs.lever.co/90seconds
Ableserve,https://jobs.lever.co/ableserve
Abovelending,https://jobs.lever.co/abovelending
Abt,https://jobs.lever.co/abt
Abtaba,https://jobs.lever.co/abtaba
Acceldata,https://jobs.lever.co/acceldata
Accesssoftek,https://jobs.lever.co/accesssoftek
Accurate,https://jobs.lever.co/accurate
Achievers,https://jobs.lever.co/achievers
Acord,https://jobs.lever.co/acord
Actian,https://jobs.lever.co/actian
Actionlife,https://jobs.lever.co/actionlife
Adcolony,https://jobs.lever.co/adcolony
Additionwealth,https://jobs.lever.co/additionwealth
Addx,https://jobs.lever.co/addx
Adora,https://jobs.lever.co/adora
Adventus,https://jobs.lever.co/adventus
Advocate,https://jobs.lever.co/advocate
Aeratechnology,https://jobs.lever.co/aeratechnology
Aerispartners.Com,https://jobs.lever.co/aerispartners.com
Aero,https://jobs.lever.co/aero
Aerostrat,https://jobs.lever.co/aerostrat
Aethoshotels,https://jobs.lever.co/aethoshotels
Afero,https://jobs.lever.co/afero
Agatesoftware,https://jobs.lever.co/agatesoftware
Agerpoint,https://jobs.lever.co/agerpoint
Agicap,https://jobs.lever.co/agicap
Agile Defense,https://jobs.lever.co/agile-defense
Agiloft,https://jobs.lever.co/agiloft
Agtonomy,https://jobs.lever.co/agtonomy
Ahschc,https://jobs.lever.co/ahschc
Aidash,https://jobs.lever.co/aidash
Aifi,https://jobs.lever.co/aifi
Aifund,https://jobs.lever.co/aifund
Aigen,https://jobs.lever.co/aigen
Aipconnect,https://jobs.lever.co/aipconnect
Air Tek,https://jobs.lever.co/air-tek
Airalo,https://jobs.lever.co/airalo
Aircall,https://jobs.lever.co/aircall
Airdna,https://jobs.lever.co/airdna
Airslate,https://jobs.lever.co/airslate
Airtm,https://jobs.lever.co/airtm
Aisafety,https://jobs.lever.co/aisafety
Aiwyn,https://jobs.lever.co/aiwyn
Ajax,https://jobs.lever.co/ajax
Ajccanada,https://jobs.lever.co/ajccanada
Akabrands,https://jobs.lever.co/akabrands
Alation,https://jobs.lever.co/alation
Albedo,https://jobs.lever.co/albedo
Aldar,https://jobs.lever.co/aldar
Aledade,https://jobs.lever.co/aledade
Aleph,https://jobs.lever.co/aleph
Alertus,https://jobs.lever.co/alertus
Algorex,https://jobs.lever.co/algorex
Alice Bob,https://jobs.lever.co/alice-bob
Alifsemi,https://jobs.lever.co/alifsemi
Alimentiv 2,https://jobs.lever.co/alimentiv-2
All.Health,https://jobs.lever.co/all.health
Allata,https://jobs.lever.co/allata
Allegiantair,https://jobs.lever.co/allegiantair
Alliance,https://jobs.lever.co/alliance
Alliedreit,https://jobs.lever.co/alliedreit
Allstarservicesnow,https://jobs.lever.co/allstarservicesnow
Alltrails,https://jobs.lever.co/alltrails
Alluxio,https://jobs.lever.co/alluxio
Allworknow,https://jobs.lever.co/allworknow
Alpinestars,https://jobs.lever.co/alpinestars
Altaml,https://jobs.lever.co/altaml
Amarbank,https://jobs.lever.co/amarbank
Ambercycle,https://jobs.lever.co/ambercycle
Amberelectric,https://jobs.lever.co/amberelectric
Ambergroup,https://jobs.lever.co/ambergroup
Americantall,https://jobs.lever.co/americantall
Amiri,https://jobs.lever.co/amiri
Amityfdn,https://jobs.lever.co/amityfdn
Ampd Energy,https://jobs.lever.co/ampd-energy
Amtengineering,https://jobs.lever.co/amtengineering
Amyris,https://jobs.lever.co/amyris
Ana Corp,https://jobs.lever.co/ana-corp
Anagram,https://jobs.lever.co/anagram
Analogfolk,https://jobs.lever.co/analogfolk
Analyticpartners,https://jobs.lever.co/analyticpartners
Anavationllc,https://jobs.lever.co/anavationllc
Anchorage,https://jobs.lever.co/anchorage
Andersencorp,https://jobs.lever.co/andersencorp
Angel,https://jobs.lever.co/angel
Angellist,https://jobs.lever.co/angellist
Animocabrands,https://jobs.lever.co/animocabrands
Anlatan,https://jobs.lever.co/anlatan
Anomali,https://jobs.lever.co/anomali
Ans,https://jobs.lever.co/ans
Ansatzcapital,https://jobs.lever.co/ansatzcapital
Anybotics,https://jobs.lever.co/anybotics
Anyroad,https://jobs.lever.co/anyroad
Anyscale,https://jobs.lever.co/anyscale
Anysignal,https://jobs.lever.co/anysignal
Anzen,https://jobs.lever.co/anzen
Aofl,https://jobs.lever.co/aofl
Aogarciaagency,https://jobs.lever.co/aogarciaagency
Aperturehealth,https://jobs.lever.co/aperturehealth
Apex Ai,https://jobs.lever.co/apex-ai
Apolloresearch,https://jobs.lever.co/apolloresearch
Appen,https://jobs.lever.co/appen
Appen 2,https://jobs.lever.co/appen-2
Appfire,https://jobs.lever.co/appfire
Appfollow,https://jobs.lever.co/appfollow
Appletreedental,https://jobs.lever.co/appletreedental
Applike,https://jobs.lever.co/applike
Applydigital,https://jobs.lever.co/applydigital
Apptegy,https://jobs.lever.co/apptegy
Appzen,https://jobs.lever.co/appzen
Aprio,https://jobs.lever.co/aprio
Aqemia.Com,https://jobs.lever.co/aqemia.com
Aquabyte,https://jobs.lever.co/aquabyte
Arable,https://jobs.lever.co/arable
Arbitalhealth,https://jobs.lever.co/arbitalhealth
Arbitrum Opco,https://jobs.lever.co/arbitrum-opco
Arbitrumfoundation,https://jobs.lever.co/arbitrumfoundation
Arbol,https://jobs.lever.co/arbol
Arborenergy,https://jobs.lever.co/arborenergy
Arcade,https://jobs.lever.co/arcade
Arcadia,https://jobs.lever.co/arcadia
Archive,https://jobs.lever.co/archive
Arcteryx.Com,https://jobs.lever.co/arcteryx.com
Argonaut,https://jobs.lever.co/argonaut
Arootah,https://jobs.lever.co/arootah
Arraylabs.Io,https://jobs.lever.co/arraylabs.io
Arrivelogistics,https://jobs.lever.co/arrivelogistics
Artbio,https://jobs.lever.co/artbio
Artera,https://jobs.lever.co/artera
Artera 2,https://jobs.lever.co/artera-2
Articulate,https://jobs.lever.co/articulate
Asapp 2,https://jobs.lever.co/asapp-2
Ashoka,https://jobs.lever.co/ashoka
Asimov,https://jobs.lever.co/asimov
Askfavor,https://jobs.lever.co/askfavor
Assist World,https://jobs.lever.co/assist-world
Athenapsych,https://jobs.lever.co/athenapsych
Athennian,https://jobs.lever.co/athennian
Athletetoathlete,https://jobs.lever.co/athletetoathlete
Atmosera,https://jobs.lever.co/atmosera
Atomcomputing,https://jobs.lever.co/atomcomputing
Atomi,https://jobs.lever.co/atomi
Attentive,https://jobs.lever.co/attentive
Audinate,https://jobs.lever.co/audinate
Australianethical,https://jobs.lever.co/australianethical
Authentic8,https://jobs.lever.co/authentic8
Autify,https://jobs.lever.co/autify
Automatiq,https://jobs.lever.co/automatiq
Auw,https://jobs.lever.co/auw
Avalerehealth,https://jobs.lever.co/avalerehealth
Avante,https://jobs.lever.co/avante
Avero,https://jobs.lever.co/avero
Avertium,https://jobs.lever.co/avertium
Avioconsulting,https://jobs.lever.co/avioconsulting
Avivesolutions,https://jobs.lever.co/avivesolutions
Azul,https://jobs.lever.co/azul
Backerkit,https://jobs.lever.co/backerkit
Baller,https://jobs.lever.co/baller
Bamko,https://jobs.lever.co/bamko
Bannerbank,https://jobs.lever.co/bannerbank
Baoinc,https://jobs.lever.co/baoinc
Barti,https://jobs.lever.co/barti
Baselane,https://jobs.lever.co/baselane
Basis,https://jobs.lever.co/basis
Bazaarvoice,https://jobs.lever.co/bazaarvoice
Bcipkg,https://jobs.lever.co/bcipkg
Bdg,https://jobs.lever.co/bdg
Beam,https://jobs.lever.co/beam
Beautybarrage,https://jobs.lever.co/beautybarrage
Beaverprocess,https://jobs.lever.co/beaverprocess
Bedrockenergy,https://jobs.lever.co/bedrockenergy
Bee Talents,https://jobs.lever.co/bee-talents
Beedie,https://jobs.lever.co/beedie
Beghouconsulting,https://jobs.lever.co/beghouconsulting
Belkins,https://jobs.lever.co/belkins
Bellotalabs,https://jobs.lever.co/bellotalabs
Belong,https://jobs.lever.co/belong
Belvederetrading,https://jobs.lever.co/belvederetrading
Benchsci,https://jobs.lever.co/benchsci
Bentoboxent,https://jobs.lever.co/bentoboxent
Bespokepost,https://jobs.lever.co/bespokepost
Bestegg,https://jobs.lever.co/bestegg
Beta,https://jobs.lever.co/beta
Betr,https://jobs.lever.co/betr
Betstamp,https://jobs.lever.co/betstamp
Better,https://jobs.lever.co/better
Betterleap,https://jobs.lever.co/betterleap
Betterlifepartners,https://jobs.lever.co/betterlifepartners
Beyondmenu,https://jobs.lever.co/beyondmenu
Bfsaulhotels,https://jobs.lever.co/bfsaulhotels
Bhg Inc,https://jobs.lever.co/bhg-inc
Bhhc,https://jobs.lever.co/bhhc
Bhvr,https://jobs.lever.co/bhvr
Bigblue,https://jobs.lever.co/bigblue
Bigtime,https://jobs.lever.co/bigtime
Binance,https://jobs.lever.co/binance
Bioagilytix,https://jobs.lever.co/bioagilytix
Biointellisense,https://jobs.lever.co/biointellisense
Bisnow,https://jobs.lever.co/bisnow
Bitwiseinvestments,https://jobs.lever.co/bitwiseinvestments
Bizlibrary,https://jobs.lever.co/bizlibrary
Blablacar,https://jobs.lever.co/blablacar
Black White Zebra,https://jobs.lever.co/black-white-zebra
Blackbirdinteractive,https://jobs.lever.co/blackbirdinteractive
Blackcloak,https://jobs.lever.co/blackcloak
Blanc Labs,https://jobs.lever.co/blanc-labs
Blbglaw,https://jobs.lever.co/blbglaw
Blinkux,https://jobs.lever.co/blinkux
Blinq,https://jobs.lever.co/blinq
Bloom,https://jobs.lever.co/bloom
Bloomon,https://jobs.lever.co/bloomon
Blue,https://jobs.lever.co/blue
Bluebottlecoffee,https://jobs.lever.co/bluebottlecoffee
Bluecatnetworks,https://jobs.lever.co/bluecatnetworks
Blueland,https://jobs.lever.co/blueland
Bluelightconsulting,https://jobs.lever.co/bluelightconsulting
Bluerocktx,https://jobs.lever.co/bluerocktx
Bluesight,https://jobs.lever.co/bluesight
Blum,https://jobs.lever.co/blum
Bogaardgroup,https://jobs.lever.co/bogaardgroup
Bosonai,https://jobs.lever.co/bosonai
Bosta,https://jobs.lever.co/bosta
Bostonimaging,https://jobs.lever.co/bostonimaging
Bounteous,https://jobs.lever.co/bounteous
Boxbot,https://jobs.lever.co/boxbot
Boxlunch,https://jobs.lever.co/boxlunch
Bpmcpa,https://jobs.lever.co/bpmcpa
Brafton,https://jobs.lever.co/brafton
Brevo,https://jobs.lever.co/brevo
Bricknetworks,https://jobs.lever.co/bricknetworks
Brightedge,https://jobs.lever.co/brightedge
Brightmachines,https://jobs.lever.co/brightmachines
Brightonjones,https://jobs.lever.co/brightonjones
Brightwheel,https://jobs.lever.co/brightwheel
Brilliant,https://jobs.lever.co/brilliant
Brillio 2,https://jobs.lever.co/brillio-2
Brinc,https://jobs.lever.co/brinc
Britecore,https://jobs.lever.co/britecore
Broadwaytechnology,https://jobs.lever.co/broadwaytechnology
Brooksrunning,https://jobs.lever.co/brooksrunning
Btse,https://jobs.lever.co/btse
Buckmason,https://jobs.lever.co/buckmason
Bumbleinc,https://jobs.lever.co/bumbleinc
Burga,https://jobs.lever.co/burga
Burro,https://jobs.lever.co/burro
Businesswire,https://jobs.lever.co/businesswire
Butcherbox,https://jobs.lever.co/butcherbox
Butterpayments,https://jobs.lever.co/butterpayments
Buyboxexperts,https://jobs.lever.co/buyboxexperts
Bv,https://jobs.lever.co/bv
C12Qe,https://jobs.lever.co/c12qe
Cabonorte,https://jobs.lever.co/cabonorte
Cagents,https://jobs.lever.co/cagents
Callan,https://jobs.lever.co/callan
Calstart,https://jobs.lever.co/calstart
Camber,https://jobs.lever.co/camber
Camelback Strategy,https://jobs.lever.co/camelback-strategy
Campusworksinc,https://jobs.lever.co/campusworksinc
Canarytechnologies,https://jobs.lever.co/canarytechnologies
Canopyservicing,https://jobs.lever.co/canopyservicing
Canvasmedical,https://jobs.lever.co/canvasmedical
Canvasww,https://jobs.lever.co/canvasww
Capital,https://jobs.lever.co/capital
Capitalsolutionsgroup,https://jobs.lever.co/capitalsolutionsgroup
Capricor,https://jobs.lever.co/capricor
Captivateiq,https://jobs.lever.co/captivateiq
Carbonhealth,https://jobs.lever.co/carbonhealth
Cardiosense,https://jobs.lever.co/cardiosense
Cardless,https://jobs.lever.co/cardless
Careaccessresearch,https://jobs.lever.co/careaccessresearch
Caremessage,https://jobs.lever.co/caremessage
Carewest,https://jobs.lever.co/carewest
Cargo Partner,https://jobs.lever.co/cargo-partner
Cartrawler,https://jobs.lever.co/cartrawler
Cascade Climate,https://jobs.lever.co/cascade-climate
Caseware,https://jobs.lever.co/caseware
Catalate,https://jobs.lever.co/catalate
Catalyze,https://jobs.lever.co/catalyze
Catbird,https://jobs.lever.co/catbird
Cbtnuggets,https://jobs.lever.co/cbtnuggets
Ccmr3,https://jobs.lever.co/ccmr3
Cdcfoundation,https://jobs.lever.co/cdcfoundation
Cef,https://jobs.lever.co/cef
Celaralabs,https://jobs.lever.co/celaralabs
Celerion,https://jobs.lever.co/celerion
Celestia,https://jobs.lever.co/celestia
Cellares,https://jobs.lever.co/cellares
Centerfield,https://jobs.lever.co/centerfield
Centrifuge,https://jobs.lever.co/centrifuge
Cents,https://jobs.lever.co/cents
Centuria,https://jobs.lever.co/centuria
Cere Network,https://jobs.lever.co/cere-network
Certifid,https://jobs.lever.co/certifid
Certifyos,https://jobs.lever.co/certifyos
Certik,https://jobs.lever.co/certik
Cesiumastro,https://jobs.lever.co/cesiumastro
Ceso,https://jobs.lever.co/ceso
Cfgi,https://jobs.lever.co/cfgi
Cfsenergy,https://jobs.lever.co/cfsenergy
Cgsfederal,https://jobs.lever.co/cgsfederal
Challengecharterschools,https://jobs.lever.co/challengecharterschools
Charitywater,https://jobs.lever.co/charitywater
Charmindustrial,https://jobs.lever.co/charmindustrial
Charter Impact,https://jobs.lever.co/charter-impact
Chefrobotics,https://jobs.lever.co/chefrobotics
Cherre,https://jobs.lever.co/cherre
Chestnutcarbon,https://jobs.lever.co/chestnutcarbon
Chooose,https://jobs.lever.co/chooose
Chownow,https://jobs.lever.co/chownow
Ciandt,https://jobs.lever.co/ciandt
Cic,https://jobs.lever.co/cic
Cimgroup,https://jobs.lever.co/cimgroup
Cin7,https://jobs.lever.co/cin7
Circadiahealth,https://jobs.lever.co/circadiahealth
Circleco,https://jobs.lever.co/circleco
Circlemedical,https://jobs.lever.co/circlemedical
Cirquedusoleil,https://jobs.lever.co/cirquedusoleil
Civitta,https://jobs.lever.co/civitta
Clari,https://jobs.lever.co/clari
Clarifyhealth,https://jobs.lever.co/clarifyhealth
Class,https://jobs.lever.co/class
Cleanspark,https://jobs.lever.co/cleanspark
Clearcapital,https://jobs.lever.co/clearcapital
Clearer,https://jobs.lever.co/clearer
Climatepower,https://jobs.lever.co/climatepower
Clinicalhealthnetworkfortransformation,https://jobs.lever.co/clinicalhealthnetworkfortransformation
Clipbook,https://jobs.lever.co/clipbook
Cloudinary,https://jobs.lever.co/cloudinary
Cloudwalk,https://jobs.lever.co/cloudwalk
Clovirtualfashion,https://jobs.lever.co/clovirtualfashion
Clozd,https://jobs.lever.co/clozd
Clubhouse,https://jobs.lever.co/clubhouse
Cmgx,https://jobs.lever.co/cmgx
Coalfire,https://jobs.lever.co/coalfire
Coatesgroup,https://jobs.lever.co/coatesgroup
Cobaltrobotics,https://jobs.lever.co/cobaltrobotics
Coda,https://jobs.lever.co/coda
Coderio,https://jobs.lever.co/coderio
Coderpad,https://jobs.lever.co/coderpad
Coforma,https://jobs.lever.co/coforma
Cogentanalytics,https://jobs.lever.co/cogentanalytics
Cogitocorp,https://jobs.lever.co/cogitocorp
Cognite,https://jobs.lever.co/cognite
Cognitiv,https://jobs.lever.co/cognitiv
Coingecko,https://jobs.lever.co/coingecko
Coinmarketcap,https://jobs.lever.co/coinmarketcap
Coins,https://jobs.lever.co/coins
Colibrigroup,https://jobs.lever.co/colibrigroup
Collabora,https://jobs.lever.co/collabora
Collectlyinc,https://jobs.lever.co/collectlyinc
Cologix,https://jobs.lever.co/cologix
Color,https://jobs.lever.co/color
Coloradocoalition,https://jobs.lever.co/coloradocoalition
Colorsworldwide,https://jobs.lever.co/colorsworldwide
Commencis,https://jobs.lever.co/commencis
Commercearchitects,https://jobs.lever.co/commercearchitects
Commonfuture,https://jobs.lever.co/commonfuture
Commonlit,https://jobs.lever.co/commonlit
Communityboost,https://jobs.lever.co/communityboost
Compasslexecon,https://jobs.lever.co/compasslexecon
Compassx,https://jobs.lever.co/compassx
Complex,https://jobs.lever.co/complex
Comply,https://jobs.lever.co/comply
Compstak,https://jobs.lever.co/compstak
Concurrency,https://jobs.lever.co/concurrency
Conduit,https://jobs.lever.co/conduit
Connectly,https://jobs.lever.co/connectly
Contactout,https://jobs.lever.co/contactout
Contentsquare,https://jobs.lever.co/contentsquare
Controlup,https://jobs.lever.co/controlup
Convelio,https://jobs.lever.co/convelio
Convergentresearch,https://jobs.lever.co/convergentresearch
Conversenow,https://jobs.lever.co/conversenow
Conversica,https://jobs.lever.co/conversica
Copiapower,https://jobs.lever.co/copiapower
Copyai,https://jobs.lever.co/copyai
Corbalt,https://jobs.lever.co/corbalt
Cordtechnologies,https://jobs.lever.co/cordtechnologies
Corebts,https://jobs.lever.co/corebts
Cority,https://jobs.lever.co/cority
Couchbase,https://jobs.lever.co/couchbase
Coupa,https://jobs.lever.co/coupa
Covergenius,https://jobs.lever.co/covergenius
Cprime,https://jobs.lever.co/cprime
Creatordeck,https://jobs.lever.co/creatordeck
Cred,https://jobs.lever.co/cred
Crestoperations,https://jobs.lever.co/crestoperations
Crumbl,https://jobs.lever.co/crumbl
Crypto,https://jobs.lever.co/crypto
Crytek,https://jobs.lever.co/crytek
Cscgeneration 2,https://jobs.lever.co/cscgeneration-2
Csit,https://jobs.lever.co/csit
Culdesac,https://jobs.lever.co/culdesac
Culturekings,https://jobs.lever.co/culturekings
Culturetrip,https://jobs.lever.co/culturetrip
Curai,https://jobs.lever.co/curai
Curri,https://jobs.lever.co/curri
Cx2,https://jobs.lever.co/cx2
Cxnpl,https://jobs.lever.co/cxnpl
Cyara,https://jobs.lever.co/cyara
Cyderes,https://jobs.lever.co/cyderes
Cyngn,https://jobs.lever.co/cyngn
Cyvl Ai,https://jobs.lever.co/cyvl-ai
Dadavidson,https://jobs.lever.co/dadavidson
Daedalean,https://jobs.lever.co/daedalean
Dailywire,https://jobs.lever.co/dailywire
Daniels Sharpsmart,https://jobs.lever.co/daniels-sharpsmart
Daos Hub,https://jobs.lever.co/daos-hub
Datalabusa,https://jobs.lever.co/datalabusa
Dazn,https://jobs.lever.co/dazn
Dealmaker,https://jobs.lever.co/dealmaker
Decathlon,https://jobs.lever.co/decathlon
Decentraland,https://jobs.lever.co/decentraland
Decilegroup,https://jobs.lever.co/decilegroup
Deepgenomics,https://jobs.lever.co/deepgenomics
Deepjudge,https://jobs.lever.co/deepjudge
Deleteme,https://jobs.lever.co/deleteme
Delfidiagnostics,https://jobs.lever.co/delfidiagnostics
Deliverect,https://jobs.lever.co/deliverect
Delta Dental Of Kansas,https://jobs.lever.co/delta-dental-of-kansas
Demiurgestudios,https://jobs.lever.co/demiurgestudios
Deputy,https://jobs.lever.co/deputy
Despegar,https://jobs.lever.co/despegar
Destinationknot,https://jobs.lever.co/destinationknot
Developers,https://jobs.lever.co/developers
Dexcarehealth,https://jobs.lever.co/dexcarehealth
Dexterity,https://jobs.lever.co/dexterity
Dga,https://jobs.lever.co/dga
Diag,https://jobs.lever.co/diag
Dialogdesign,https://jobs.lever.co/dialogdesign
Diamondfoundry,https://jobs.lever.co/diamondfoundry
Didomi,https://jobs.lever.co/didomi
Digimarc,https://jobs.lever.co/digimarc
Dijital Team Pty Ltd,https://jobs.lever.co/dijital-team-pty-ltd
Dioxycle,https://jobs.lever.co/dioxycle
Disher,https://jobs.lever.co/disher
Disqo,https://jobs.lever.co/disqo
Distro,https://jobs.lever.co/distro
Diversified Automation,https://jobs.lever.co/diversified-automation
Diversifiedradiology,https://jobs.lever.co/diversifiedradiology
Djeholdings,https://jobs.lever.co/djeholdings
Dlocal,https://jobs.lever.co/dlocal
Dmautoleasing,https://jobs.lever.co/dmautoleasing
Dnb,https://jobs.lever.co/dnb
Dnc,https://jobs.lever.co/dnc
Docebo,https://jobs.lever.co/docebo
Dockwa,https://jobs.lever.co/dockwa
Docsumo,https://jobs.lever.co/docsumo
Doctrine,https://jobs.lever.co/doctrine
Dodmg,https://jobs.lever.co/dodmg
Dollskill,https://jobs.lever.co/dollskill
Doola,https://jobs.lever.co/doola
Doranjones,https://jobs.lever.co/doranjones
Dott,https://jobs.lever.co/dott
Doxel,https://jobs.lever.co/doxel
Dozee,https://jobs.lever.co/dozee
Dreamgames,https://jobs.lever.co/dreamgames
Dreamgolf,https://jobs.lever.co/dreamgolf
Dreamsports,https://jobs.lever.co/dreamsports
Drivemode,https://jobs.lever.co/drivemode
Drivetrain,https://jobs.lever.co/drivetrain
Dronedeploy,https://jobs.lever.co/dronedeploy
Dronesense,https://jobs.lever.co/dronesense
Dscout,https://jobs.lever.co/dscout
Duetti,https://jobs.lever.co/duetti
Duffel,https://jobs.lever.co/duffel
Dulcedo,https://jobs.lever.co/dulcedo
Dutch,https://jobs.lever.co/dutch
Dynamiccatholic,https://jobs.lever.co/dynamiccatholic
E2Optics,https://jobs.lever.co/e2optics
Earnestpartners,https://jobs.lever.co/earnestpartners
Eastern Communications,https://jobs.lever.co/eastern-communications
Eastwall,https://jobs.lever.co/eastwall
Easypost 2,https://jobs.lever.co/easypost-2
Easystreetcap,https://jobs.lever.co/easystreetcap
Ecldc,https://jobs.lever.co/ecldc
Economicmodeling,https://jobs.lever.co/economicmodeling
Econstruct,https://jobs.lever.co/econstruct
Ecosystem,https://jobs.lever.co/ecosystem
Edgeofs,https://jobs.lever.co/edgeofs
Editorialist,https://jobs.lever.co/editorialist
Educationatwork,https://jobs.lever.co/educationatwork
Efinti,https://jobs.lever.co/efinti
Egen,https://jobs.lever.co/egen
Ekimetrics,https://jobs.lever.co/ekimetrics
Ekohealth,https://jobs.lever.co/ekohealth
Electricmind,https://jobs.lever.co/electricmind
Electrum,https://jobs.lever.co/electrum
Eleks,https://jobs.lever.co/eleks
Elementsolutions,https://jobs.lever.co/elementsolutions
Elfbeauty,https://jobs.lever.co/elfbeauty
Elty,https://jobs.lever.co/elty
Emburse,https://jobs.lever.co/emburse
Emersoncollective,https://jobs.lever.co/emersoncollective
Emilabs,https://jobs.lever.co/emilabs
Emma Sleep,https://jobs.lever.co/emma-sleep
Empassion.Com,https://jobs.lever.co/empassion.com
Employ,https://jobs.lever.co/employ
Empowerly,https://jobs.lever.co/empowerly
Enable,https://jobs.lever.co/enable
Enablecomp,https://jobs.lever.co/enablecomp
Enarahealth,https://jobs.lever.co/enarahealth
Endpointclinical,https://jobs.lever.co/endpointclinical
Energyrecovery,https://jobs.lever.co/energyrecovery
Enhanced Us,https://jobs.lever.co/enhanced-us
Entanglelabs,https://jobs.lever.co/entanglelabs
Enter Rcm Llc,https://jobs.lever.co/enter-rcm-llc
Entrata,https://jobs.lever.co/entrata
Envato 2,https://jobs.lever.co/envato-2
Envedabio,https://jobs.lever.co/envedabio
Envelio,https://jobs.lever.co/envelio
Envisionrpo,https://jobs.lever.co/envisionrpo
Epifi,https://jobs.lever.co/epifi
Epm,https://jobs.lever.co/epm
Epoch Ai,https://jobs.lever.co/epoch-ai
Epsilon3,https://jobs.lever.co/epsilon3
Eqbank,https://jobs.lever.co/eqbank
Equativ,https://jobs.lever.co/equativ
Erg,https://jobs.lever.co/erg
Espace,https://jobs.lever.co/espace
Esper,https://jobs.lever.co/esper
Espresso,https://jobs.lever.co/espresso
Esrtreit,https://jobs.lever.co/esrtreit
Eternal,https://jobs.lever.co/eternal
Ethena,https://jobs.lever.co/ethena
Ethenalabs,https://jobs.lever.co/ethenalabs
Ethereumfoundation,https://jobs.lever.co/ethereumfoundation
Ethree,https://jobs.lever.co/ethree
Eve,https://jobs.lever.co/eve
Everbridge,https://jobs.lever.co/everbridge
Everlywell,https://jobs.lever.co/everlywell
Evr,https://jobs.lever.co/evr
Exowatt,https://jobs.lever.co/exowatt
Extremenetworks,https://jobs.lever.co/extremenetworks
Eyeline,https://jobs.lever.co/eyeline
Factor,https://jobs.lever.co/factor
Fama,https://jobs.lever.co/fama
Fampay,https://jobs.lever.co/fampay
Fanatee,https://jobs.lever.co/fanatee
Fanatics,https://jobs.lever.co/fanatics
Farfetch,https://jobs.lever.co/farfetch
Fatetherapeutics,https://jobs.lever.co/fatetherapeutics
Fehrandpeers,https://jobs.lever.co/fehrandpeers
Feldinc,https://jobs.lever.co/feldinc
Fellowshiplifeinc,https://jobs.lever.co/fellowshiplifeinc
Fi,https://jobs.lever.co/fi
Field Ai,https://jobs.lever.co/field-ai
Fieldnation,https://jobs.lever.co/fieldnation
Figfinancial,https://jobs.lever.co/figfinancial
Filevine,https://jobs.lever.co/filevine
Finch,https://jobs.lever.co/finch
Find,https://jobs.lever.co/find
Findem,https://jobs.lever.co/findem
Findhelp,https://jobs.lever.co/findhelp
Findigs,https://jobs.lever.co/findigs
Finix,https://jobs.lever.co/finix
Finn,https://jobs.lever.co/finn
Fintual,https://jobs.lever.co/fintual
Firemon,https://jobs.lever.co/firemon
Fireworkhq,https://jobs.lever.co/fireworkhq
Firsthand,https://jobs.lever.co/firsthand
Firstup,https://jobs.lever.co/firstup
Fiscalnote,https://jobs.lever.co/fiscalnote
Fitifyworkouts,https://jobs.lever.co/fitifyworkouts
Fitzmark,https://jobs.lever.co/fitzmark
Fivestarcallcenters,https://jobs.lever.co/fivestarcallcenters
Flex,https://jobs.lever.co/flex
Fliff,https://jobs.lever.co/fliff
Floqast,https://jobs.lever.co/floqast
Florence,https://jobs.lever.co/florence
Floridadems,https://jobs.lever.co/floridadems
Flowlife,https://jobs.lever.co/flowlife
Fluence,https://jobs.lever.co/fluence
Flynncompanies,https://jobs.lever.co/flynncompanies
Fnatic,https://jobs.lever.co/fnatic
Foodsmart,https://jobs.lever.co/foodsmart
Form,https://jobs.lever.co/form
Forourfuturefund,https://jobs.lever.co/forourfuturefund
Foundation Llm Technologies,https://jobs.lever.co/foundation-llm-technologies
Fourth,https://jobs.lever.co/fourth
Foxen,https://jobs.lever.co/foxen
Freebalance.Com,https://jobs.lever.co/freebalance.com
Freedompay,https://jobs.lever.co/freedompay
Freedomprep,https://jobs.lever.co/freedomprep
Fresha,https://jobs.lever.co/fresha
Frontify,https://jobs.lever.co/frontify
Frontsteps,https://jobs.lever.co/frontsteps
Fuellabs,https://jobs.lever.co/fuellabs
Fullscript,https://jobs.lever.co/fullscript
Fullspectrumsoftware,https://jobs.lever.co/fullspectrumsoftware
Fullyvested,https://jobs.lever.co/fullyvested
Funxyz,https://jobs.lever.co/funxyz
Futurenow,https://jobs.lever.co/futurenow
Futureof Life,https://jobs.lever.co/futureof-life
Galatea Associates,https://jobs.lever.co/galatea-associates
Galepartners,https://jobs.lever.co/galepartners
Galvanick,https://jobs.lever.co/galvanick
Gate,https://jobs.lever.co/gate
Gate.Io,https://jobs.lever.co/gate.io
Gatorbio,https://jobs.lever.co/gatorbio
Gauntlet,https://jobs.lever.co/gauntlet
Gausslabs,https://jobs.lever.co/gausslabs
Gearset,https://jobs.lever.co/gearset
Genbio,https://jobs.lever.co/genbio
Genefab,https://jobs.lever.co/genefab
Geocomply 2,https://jobs.lever.co/geocomply-2
Gess,https://jobs.lever.co/gess
Get Vocal Pbc,https://jobs.lever.co/get-vocal-pbc
Getdeardoc,https://jobs.lever.co/getdeardoc
Getduranta,https://jobs.lever.co/getduranta
Getlabs,https://jobs.lever.co/getlabs
Getmaple,https://jobs.lever.co/getmaple
Getmidas,https://jobs.lever.co/getmidas
Getsquire,https://jobs.lever.co/getsquire
Gettyimages,https://jobs.lever.co/gettyimages
Getwingapp,https://jobs.lever.co/getwingapp
Getzuma,https://jobs.lever.co/getzuma
Ghj,https://jobs.lever.co/ghj
Ghsmartjobs,https://jobs.lever.co/ghsmartjobs
Girlswhocode,https://jobs.lever.co/girlswhocode
Glacierfish,https://jobs.lever.co/glacierfish
Glass Health Inc,https://jobs.lever.co/glass-health-inc
Glide,https://jobs.lever.co/glide
Global Cxm,https://jobs.lever.co/global-cxm
Global Elite,https://jobs.lever.co/global-elite
Globalelitecareers,https://jobs.lever.co/globalelitecareers
Glow.Co,https://jobs.lever.co/glow.co
Glowforge,https://jobs.lever.co/glowforge
Glsllc,https://jobs.lever.co/glsllc
Gmo,https://jobs.lever.co/gmo
Go Cloudforce,https://jobs.lever.co/go-cloudforce
Go Yubi,https://jobs.lever.co/go-yubi
Go2 Markets,https://jobs.lever.co/go2-markets
Goalbookapp 2,https://jobs.lever.co/goalbookapp-2
Gobrightside,https://jobs.lever.co/gobrightside
Gocatalant,https://jobs.lever.co/gocatalant
Goconsensus,https://jobs.lever.co/goconsensus
Gogolook,https://jobs.lever.co/gogolook
Gohighlevel,https://jobs.lever.co/gohighlevel
Gojob,https://jobs.lever.co/gojob
Gokenamerica1,https://jobs.lever.co/gokenamerica1
Gomaterials,https://jobs.lever.co/gomaterials
Gonetspeed,https://jobs.lever.co/gonetspeed
Goodamerican,https://jobs.lever.co/goodamerican
Goodleap,https://jobs.lever.co/goodleap
Gopuff,https://jobs.lever.co/gopuff
Gorh,https://jobs.lever.co/gorh
Goswift,https://jobs.lever.co/goswift
Gotogroup,https://jobs.lever.co/gotogroup
Gouconnect,https://jobs.lever.co/gouconnect
Govini,https://jobs.lever.co/govini
Gradion,https://jobs.lever.co/gradion
Grailbio,https://jobs.lever.co/grailbio
Granicus,https://jobs.lever.co/granicus
Gravie,https://jobs.lever.co/gravie
Gravisrobotics,https://jobs.lever.co/gravisrobotics
Great Gray Group,https://jobs.lever.co/great-gray-group
Greenlight,https://jobs.lever.co/greenlight
Greylock,https://jobs.lever.co/greylock
Gridmatic,https://jobs.lever.co/gridmatic
Gridware,https://jobs.lever.co/gridware
Grizzly.Co,https://jobs.lever.co/grizzly.co
Groupbyinc,https://jobs.lever.co/groupbyinc
Guidewire,https://jobs.lever.co/guidewire
Gurobioptimization,https://jobs.lever.co/gurobioptimization
Gushwork,https://jobs.lever.co/gushwork
Gynger,https://jobs.lever.co/gynger
H1,https://jobs.lever.co/h1
Halter,https://jobs.lever.co/halter
Hannaandersson,https://jobs.lever.co/hannaandersson
Happyco,https://jobs.lever.co/happyco
Harrisonst,https://jobs.lever.co/harrisonst
Hasi,https://jobs.lever.co/hasi
Hatchit,https://jobs.lever.co/hatchit
Hawaiianhost,https://jobs.lever.co/hawaiianhost
Hcvt,https://jobs.lever.co/hcvt
Headlight.Health,https://jobs.lever.co/headlight.health
Healthcare,https://jobs.lever.co/healthcare
Heard,https://jobs.lever.co/heard
Heartbeathealth,https://jobs.lever.co/heartbeathealth
Hellomongoose,https://jobs.lever.co/hellomongoose
Hellonanny,https://jobs.lever.co/hellonanny
Hermeus,https://jobs.lever.co/hermeus
Hevodata,https://jobs.lever.co/hevodata
Hexa,https://jobs.lever.co/hexa
Hexagonusfederal,https://jobs.lever.co/hexagonusfederal
Heyjane,https://jobs.lever.co/heyjane
Heyrowan,https://jobs.lever.co/heyrowan
Hhaexchange,https://jobs.lever.co/hhaexchange
Hicleo,https://jobs.lever.co/hicleo
Highspot,https://jobs.lever.co/highspot
Highwirepr,https://jobs.lever.co/highwirepr
Hive,https://jobs.lever.co/hive
Hivemapper,https://jobs.lever.co/hivemapper
Hivemind Capital,https://jobs.lever.co/hivemind-capital
Honkforhelp,https://jobs.lever.co/honkforhelp
Hopeservices,https://jobs.lever.co/hopeservices
Hophr,https://jobs.lever.co/hophr
Horizon,https://jobs.lever.co/horizon
Hostinger,https://jobs.lever.co/hostinger
Hotstar,https://jobs.lever.co/hotstar
Hottopic,https://jobs.lever.co/hottopic
Houzz,https://jobs.lever.co/houzz
Hsag,https://jobs.lever.co/hsag
Huckleberrylabs,https://jobs.lever.co/huckleberrylabs
Hungerfreeamerica,https://jobs.lever.co/hungerfreeamerica
Hush,https://jobs.lever.co/hush
Hypebeast,https://jobs.lever.co/hypebeast
Hyperlane,https://jobs.lever.co/hyperlane
Hyperscience,https://jobs.lever.co/hyperscience
Icemortgagetechnology,https://jobs.lever.co/icemortgagetechnology
Icertis,https://jobs.lever.co/icertis
Idealscorp,https://jobs.lever.co/idealscorp
Idmworks,https://jobs.lever.co/idmworks
Idt,https://jobs.lever.co/idt
Ifm Us,https://jobs.lever.co/ifm-us
Illumination,https://jobs.lever.co/illumination
Imbue,https://jobs.lever.co/imbue
Imentor,https://jobs.lever.co/imentor
Immuta,https://jobs.lever.co/immuta
Immutable,https://jobs.lever.co/immutable
Imo Online,https://jobs.lever.co/imo-online
Impossiblecloud,https://jobs.lever.co/impossiblecloud
Includedhealth,https://jobs.lever.co/includedhealth
Indebted,https://jobs.lever.co/indebted
Indexventures,https://jobs.lever.co/indexventures
Inductiveautomation,https://jobs.lever.co/inductiveautomation
Inductivehealth,https://jobs.lever.co/inductivehealth
Infinitepl,https://jobs.lever.co/infinitepl
Inflowfed,https://jobs.lever.co/inflowfed
Influ2,https://jobs.lever.co/influ2
Influur,https://jobs.lever.co/influur
Infraservices,https://jobs.lever.co/infraservices
Infrastructureandcapitalprojects,https://jobs.lever.co/infrastructureandcapitalprojects
Infstones,https://jobs.lever.co/infstones
Inkitt,https://jobs.lever.co/inkitt
Innocraft,https://jobs.lever.co/innocraft
Innovativesol 2,https://jobs.lever.co/innovativesol-2
Insify,https://jobs.lever.co/insify
Insomniacookies,https://jobs.lever.co/insomniacookies
Instructure,https://jobs.lever.co/instructure
Instrument,https://jobs.lever.co/instrument
Instrumentl,https://jobs.lever.co/instrumentl
Integrate,https://jobs.lever.co/integrate
Intelligent City,https://jobs.lever.co/intelligent-city
Intelycare,https://jobs.lever.co/intelycare
Intenseye,https://jobs.lever.co/intenseye
Interiormarketinggroup,https://jobs.lever.co/interiormarketinggroup
Intersect,https://jobs.lever.co/intersect
Intrafi,https://jobs.lever.co/intrafi
Intropic,https://jobs.lever.co/intropic
Investorflow,https://jobs.lever.co/investorflow
Invinity,https://jobs.lever.co/invinity
Invisible Ai,https://jobs.lever.co/invisible-ai
Ion,https://jobs.lever.co/ion
Ionicpartners,https://jobs.lever.co/ionicpartners
Ippon,https://jobs.lever.co/ippon
Ircagroup,https://jobs.lever.co/ircagroup
Isee,https://jobs.lever.co/isee
Ispace Inc,https://jobs.lever.co/ispace-inc
Iterative,https://jobs.lever.co/iterative
Ivo,https://jobs.lever.co/ivo
Jam Loop,https://jobs.lever.co/jam-loop
Jamcity,https://jobs.lever.co/jamcity
Janeapp,https://jobs.lever.co/janeapp
Januaryinc,https://jobs.lever.co/januaryinc
Jeff App,https://jobs.lever.co/jeff-app
Jellysmack,https://jobs.lever.co/jellysmack
Jetsetpilates,https://jobs.lever.co/jetsetpilates
Jetsupport,https://jobs.lever.co/jetsupport
Jiostar,https://jobs.lever.co/jiostar
Jito.Wtf,https://jobs.lever.co/jito.wtf
Jitxinc,https://jobs.lever.co/jitxinc
Jobandtalent,https://jobs.lever.co/jobandtalent
Jobgether,https://jobs.lever.co/jobgether
Jobin,https://jobs.lever.co/jobin
Jobscan 2,https://jobs.lever.co/jobscan-2
Joelefrank,https://jobs.lever.co/joelefrank
Joinopus,https://jobs.lever.co/joinopus
Joinzoe,https://jobs.lever.co/joinzoe
Joltcharge,https://jobs.lever.co/joltcharge
Joshstoysandgames,https://jobs.lever.co/joshstoysandgames
Journeyclinical,https://jobs.lever.co/journeyclinical
Jumpcloud,https://jobs.lever.co/jumpcloud
Juneshine,https://jobs.lever.co/juneshine
Jupiterintel,https://jobs.lever.co/jupiterintel
Justwatch,https://jobs.lever.co/justwatch
Jvs Boston,https://jobs.lever.co/jvs-boston
Kabam,https://jobs.lever.co/kabam
Kafene,https://jobs.lever.co/kafene
Kapta Space,https://jobs.lever.co/kapta-space
Kariusdx,https://jobs.lever.co/kariusdx
Kasada,https://jobs.lever.co/kasada
Kavak,https://jobs.lever.co/kavak
Kddia,https://jobs.lever.co/kddia
Keboola,https://jobs.lever.co/keboola
Kenko,https://jobs.lever.co/kenko
Kepler,https://jobs.lever.co/kepler
Ketch,https://jobs.lever.co/ketch
Keyloop,https://jobs.lever.co/keyloop
Kickmaker,https://jobs.lever.co/kickmaker
Kickoff,https://jobs.lever.co/kickoff
Kiddom,https://jobs.lever.co/kiddom
Kinsta,https://jobs.lever.co/kinsta
Kippsocal,https://jobs.lever.co/kippsocal
Kitware,https://jobs.lever.co/kitware
Kivaconfections,https://jobs.lever.co/kivaconfections
Klearnow,https://jobs.lever.co/klearnow
Klick,https://jobs.lever.co/klick
Klivvr,https://jobs.lever.co/klivvr
Kmaconsultingllc,https://jobs.lever.co/kmaconsultingllc
Knix,https://jobs.lever.co/knix
Knownwell,https://jobs.lever.co/knownwell
Koalahealth,https://jobs.lever.co/koalahealth
Kobie,https://jobs.lever.co/kobie
Kogan,https://jobs.lever.co/kogan
Kong,https://jobs.lever.co/kong
Kontakt,https://jobs.lever.co/kontakt
Kouperhealth,https://jobs.lever.co/kouperhealth
Kpaonline,https://jobs.lever.co/kpaonline
Kpler,https://jobs.lever.co/kpler
Kpmgnz,https://jobs.lever.co/kpmgnz
Kraken123,https://jobs.lever.co/kraken123
Kruzeconsulting,https://jobs.lever.co/kruzeconsulting
Kubra,https://jobs.lever.co/kubra
Kumo,https://jobs.lever.co/kumo
Kungfu,https://jobs.lever.co/kungfu
Kyivstar,https://jobs.lever.co/kyivstar
Ladders,https://jobs.lever.co/ladders
Lalamove,https://jobs.lever.co/lalamove
Laminarprojects,https://jobs.lever.co/laminarprojects
Lamudi,https://jobs.lever.co/lamudi
Lansingschools,https://jobs.lever.co/lansingschools
Larian,https://jobs.lever.co/larian
Last Energy,https://jobs.lever.co/last-energy
Latitudeinc,https://jobs.lever.co/latitudeinc
Launchhousing,https://jobs.lever.co/launchhousing
Launchsquad,https://jobs.lever.co/launchsquad
Layup,https://jobs.lever.co/layup
Leadbank,https://jobs.lever.co/leadbank
Leadr,https://jobs.lever.co/leadr
Leantaas,https://jobs.lever.co/leantaas
Ledger,https://jobs.lever.co/ledger
Legacyrestorationllc,https://jobs.lever.co/legacyrestorationllc
Lendbuzz,https://jobs.lever.co/lendbuzz
Leolabs 2,https://jobs.lever.co/leolabs-2
Leotechnologies,https://jobs.lever.co/leotechnologies
Lessen,https://jobs.lever.co/lessen
Level99,https://jobs.lever.co/level99
Levelai,https://jobs.lever.co/levelai
Levelup,https://jobs.lever.co/levelup
Lever,https://jobs.lever.co/lever
Leverdemo 8,https://jobs.lever.co/leverdemo-8
Leverdemo193,https://jobs.lever.co/leverdemo193
Liatrio,https://jobs.lever.co/liatrio
Liberatii,https://jobs.lever.co/liberatii
Life,https://jobs.lever.co/life
Lifeforce,https://jobs.lever.co/lifeforce
Lifen,https://jobs.lever.co/lifen
Lifestance,https://jobs.lever.co/lifestance
Lightci,https://jobs.lever.co/lightci
Lightedge,https://jobs.lever.co/lightedge
Lightship,https://jobs.lever.co/lightship
Lillio,https://jobs.lever.co/lillio
Lime,https://jobs.lever.co/lime
Limitbreak,https://jobs.lever.co/limitbreak
Lindblad Expeditions,https://jobs.lever.co/lindblad-expeditions
Lingarogroup,https://jobs.lever.co/lingarogroup
Liquid.Ai,https://jobs.lever.co/liquid.ai
Lirvanalabs,https://jobs.lever.co/lirvanalabs
Liveoakfiber,https://jobs.lever.co/liveoakfiber
Loadsmart,https://jobs.lever.co/loadsmart
Lochgroup,https://jobs.lever.co/lochgroup
Lodgify,https://jobs.lever.co/lodgify
Loftorbital,https://jobs.lever.co/loftorbital
Logicmanager,https://jobs.lever.co/logicmanager
Logrocket,https://jobs.lever.co/logrocket
Logz,https://jobs.lever.co/logz
Longwall,https://jobs.lever.co/longwall
Loop Ai,https://jobs.lever.co/loop%20ai
Loopreturns,https://jobs.lever.co/loopreturns
Lrdgonline,https://jobs.lever.co/lrdgonline
Lsaweb,https://jobs.lever.co/lsaweb
Lucidmotors,https://jobs.lever.co/lucidmotors
Lucidworks,https://jobs.lever.co/lucidworks
Lumafield,https://jobs.lever.co/lumafield
Lumindigital,https://jobs.lever.co/lumindigital
Lumivero,https://jobs.lever.co/lumivero
Lumotive,https://jobs.lever.co/lumotive
Lunaphysicaltherapy,https://jobs.lever.co/lunaphysicaltherapy
Luxurypresence,https://jobs.lever.co/luxurypresence
Lvs1,https://jobs.lever.co/lvs1
Lwolf,https://jobs.lever.co/lwolf
Lyciatherapeutics,https://jobs.lever.co/lyciatherapeutics
Lyrahealth,https://jobs.lever.co/lyrahealth
Lyrebirdstudio,https://jobs.lever.co/lyrebirdstudio
Lyterian,https://jobs.lever.co/lyterian
M33,https://jobs.lever.co/m33
Mable,https://jobs.lever.co/mable
Machinalabs,https://jobs.lever.co/machinalabs
Macquarietechnologygroup,https://jobs.lever.co/macquarietechnologygroup
Mactores,https://jobs.lever.co/mactores
Madhappy,https://jobs.lever.co/madhappy
Magicalbeginningslc,https://jobs.lever.co/magicalbeginningslc
Magnetforensics,https://jobs.lever.co/magnetforensics
Mahmee,https://jobs.lever.co/mahmee
Mainspringenergy,https://jobs.lever.co/mainspringenergy
Malarianomore,https://jobs.lever.co/malarianomore
Malt,https://jobs.lever.co/malt
Mamamoney,https://jobs.lever.co/mamamoney
Mamo,https://jobs.lever.co/mamo
Manaycpa.Com,https://jobs.lever.co/manaycpa.com
Mangolanguage,https://jobs.lever.co/mangolanguage
Mantanetwork,https://jobs.lever.co/mantanetwork
Mantisinnovation,https://jobs.lever.co/mantisinnovation
Marcopolo,https://jobs.lever.co/marcopolo
Marcusgrahamproject,https://jobs.lever.co/marcusgrahamproject
Marcusmillichap,https://jobs.lever.co/marcusmillichap
Margo Group,https://jobs.lever.co/margo-group
Marketcircle,https://jobs.lever.co/marketcircle
Marketer Hire,https://jobs.lever.co/marketer-hire
Mashgin,https://jobs.lever.co/mashgin
Massive Rocket,https://jobs.lever.co/massive-rocket
Mastreforestation,https://jobs.lever.co/mastreforestation
Matchgroup,https://jobs.lever.co/matchgroup
Matillion,https://jobs.lever.co/matillion
Matters,https://jobs.lever.co/matters
Mbrdna,https://jobs.lever.co/mbrdna
Mcaconnect,https://jobs.lever.co/mcaconnect
Mechanicalorchard,https://jobs.lever.co/mechanicalorchard
Medi.Ci,https://jobs.lever.co/medi.ci
Mediafly,https://jobs.lever.co/mediafly
Mednow,https://jobs.lever.co/mednow
Meesho,https://jobs.lever.co/meesho
Meetingtomorrow,https://jobs.lever.co/meetingtomorrow
Megaport,https://jobs.lever.co/megaport
Meili,https://jobs.lever.co/meili
Mendix,https://jobs.lever.co/mendix
Menlovc,https://jobs.lever.co/menlovc
Meridianlink,https://jobs.lever.co/meridianlink
Merklescience,https://jobs.lever.co/merklescience
Merlinlabs,https://jobs.lever.co/merlinlabs
Metabase,https://jobs.lever.co/metabase
Metasite,https://jobs.lever.co/metasite
Metawealth,https://jobs.lever.co/metawealth
Metergysolutions,https://jobs.lever.co/metergysolutions
Metopera,https://jobs.lever.co/metopera
Metr,https://jobs.lever.co/metr
Mhnchicago,https://jobs.lever.co/mhnchicago
Microventures,https://jobs.lever.co/microventures
Milhouseinc,https://jobs.lever.co/milhouseinc
Milltownpartners,https://jobs.lever.co/milltownpartners
Mindbloom,https://jobs.lever.co/mindbloom
Mindtickle,https://jobs.lever.co/mindtickle
Minesense,https://jobs.lever.co/minesense
Minted,https://jobs.lever.co/minted
Missioncap,https://jobs.lever.co/missioncap
Missionhh,https://jobs.lever.co/missionhh
Missionwired,https://jobs.lever.co/missionwired
Mistplay,https://jobs.lever.co/mistplay
Mistral,https://jobs.lever.co/mistral
Miteksystems 2,https://jobs.lever.co/miteksystems-2
Mixlab,https://jobs.lever.co/mixlab
Modeln,https://jobs.lever.co/modeln
Modernintelligence,https://jobs.lever.co/modernintelligence
Modjo,https://jobs.lever.co/modjo
Modulate,https://jobs.lever.co/modulate
Momenti Inc,https://jobs.lever.co/momenti-inc
Momsmeals,https://jobs.lever.co/momsmeals
Moneyboxapp,https://jobs.lever.co/moneyboxapp
Moneytree,https://jobs.lever.co/moneytree
Monkshillventures,https://jobs.lever.co/monkshillventures
Moo,https://jobs.lever.co/moo
Moonpay,https://jobs.lever.co/moonpay
Moonpig,https://jobs.lever.co/moonpig
Morningbrew,https://jobs.lever.co/morningbrew
Morningconsult,https://jobs.lever.co/morningconsult
Mostudio,https://jobs.lever.co/mostudio
Mrss,https://jobs.lever.co/mrss
Mtspartners,https://jobs.lever.co/mtspartners
Mujininc,https://jobs.lever.co/mujininc
Mulberry,https://jobs.lever.co/mulberry
Multiplylabs,https://jobs.lever.co/multiplylabs
Munichelectrification,https://jobs.lever.co/munichelectrification
Muttdata,https://jobs.lever.co/muttdata
Myob 2,https://jobs.lever.co/myob-2
Myodetox,https://jobs.lever.co/myodetox
Myollie,https://jobs.lever.co/myollie
Mypassglobal,https://jobs.lever.co/mypassglobal
Myplacehealth,https://jobs.lever.co/myplacehealth
Mythic Ai.Com,https://jobs.lever.co/mythic-ai.com
Mytos,https://jobs.lever.co/mytos
Myvessel,https://jobs.lever.co/myvessel
Nacsworld,https://jobs.lever.co/nacsworld
Nahc,https://jobs.lever.co/nahc
Nainnorcal,https://jobs.lever.co/nainnorcal
Narmi,https://jobs.lever.co/narmi
Nasafcu,https://jobs.lever.co/nasafcu
Nava,https://jobs.lever.co/nava
Neednova,https://jobs.lever.co/neednova
Neighbor,https://jobs.lever.co/neighbor
Nekohealth,https://jobs.lever.co/nekohealth
Nelly,https://jobs.lever.co/nelly
Neon,https://jobs.lever.co/neon
Neowiz,https://jobs.lever.co/neowiz
Nestig,https://jobs.lever.co/nestig
Netlight,https://jobs.lever.co/netlight
Netomi,https://jobs.lever.co/netomi
Neuron7,https://jobs.lever.co/neuron7
Nevados,https://jobs.lever.co/nevados
Newton,https://jobs.lever.co/newton
Newwestern,https://jobs.lever.co/newwestern
Newwesterncorporate,https://jobs.lever.co/newwesterncorporate
Newzealandtradeandenterprise,https://jobs.lever.co/newzealandtradeandenterprise
Nexos,https://jobs.lever.co/nexos
Next Decade,https://jobs.lever.co/next-decade
Next Health,https://jobs.lever.co/next-health
Nextech,https://jobs.lever.co/nextech
Nextgenfed,https://jobs.lever.co/nextgenfed
Nexuse Group,https://jobs.lever.co/nexuse-group
Neye Systems Inc.,https://jobs.lever.co/neye-systems-inc.
Nfq,https://jobs.lever.co/nfq
Niagenbioscience,https://jobs.lever.co/niagenbioscience
Nibiru,https://jobs.lever.co/nibiru
Nielsen,https://jobs.lever.co/nielsen
Nimbleai,https://jobs.lever.co/nimbleai
Nimblerx,https://jobs.lever.co/nimblerx
Ninjavan,https://jobs.lever.co/ninjavan
Nisum,https://jobs.lever.co/nisum
Nitra,https://jobs.lever.co/nitra
Nium,https://jobs.lever.co/nium
Njstateofficeofinnovation,https://jobs.lever.co/njstateofficeofinnovation
Noblereach,https://jobs.lever.co/noblereach
Nolapublicschools,https://jobs.lever.co/nolapublicschools
Nomadmktg,https://jobs.lever.co/nomadmktg
Nomagic,https://jobs.lever.co/nomagic
Nomihealth,https://jobs.lever.co/nomihealth
Nominal,https://jobs.lever.co/nominal
Noodle,https://jobs.lever.co/noodle
Nordsec,https://jobs.lever.co/nordsec
Novaspace,https://jobs.lever.co/novaspace
Novatalent,https://jobs.lever.co/novatalent
Nphub,https://jobs.lever.co/nphub
Npowermedicine,https://jobs.lever.co/npowermedicine
Numeris,https://jobs.lever.co/numeris
Nuuds,https://jobs.lever.co/nuuds
Nxscale,https://jobs.lever.co/nxscale
O P E N,https://jobs.lever.co/o-p-e-n
Oaknorth.Ai,https://jobs.lever.co/oaknorth.ai
Oci,https://jobs.lever.co/oci
Octoenergy,https://jobs.lever.co/octoenergy
Octopus,https://jobs.lever.co/octopus
Odaseva,https://jobs.lever.co/odaseva
Oddin,https://jobs.lever.co/oddin
Offchainlabs,https://jobs.lever.co/offchainlabs
Ogury,https://jobs.lever.co/ogury
Oieurope,https://jobs.lever.co/oieurope
Oleria Security,https://jobs.lever.co/oleria-security
Olo,https://jobs.lever.co/olo
Omnidesigntech,https://jobs.lever.co/omnidesigntech
Omnidian,https://jobs.lever.co/omnidian
Omnisend,https://jobs.lever.co/omnisend
Onceuponafarm,https://jobs.lever.co/onceuponafarm
Onehouse,https://jobs.lever.co/onehouse
Oneimpression,https://jobs.lever.co/oneimpression
Onit,https://jobs.lever.co/onit
Onthespotdev,https://jobs.lever.co/onthespotdev
Oowlish,https://jobs.lever.co/oowlish
Openpayd,https://jobs.lever.co/openpayd
Openx,https://jobs.lever.co/openx
Optionmetrics,https://jobs.lever.co/optionmetrics
Orbitalsidekick,https://jobs.lever.co/orbitalsidekick
Orcabiosystems,https://jobs.lever.co/orcabiosystems
Osaro,https://jobs.lever.co/osaro
Osedea,https://jobs.lever.co/osedea
Osmind,https://jobs.lever.co/osmind
Our Place,https://jobs.lever.co/our-place
Outlast,https://jobs.lever.co/outlast
Outpacebio,https://jobs.lever.co/outpacebio
Outreach,https://jobs.lever.co/outreach
Outsourcedstaff,https://jobs.lever.co/outsourcedstaff
Owner,https://jobs.lever.co/owner
Oxeonpartners,https://jobs.lever.co/oxeonpartners
Oxman,https://jobs.lever.co/oxman
Oxylabs,https://jobs.lever.co/oxylabs
Pacific Environment,https://jobs.lever.co/pacific-environment
Pacificoenergy,https://jobs.lever.co/pacificoenergy
Padsplit,https://jobs.lever.co/padsplit
Palantir,https://jobs.lever.co/palantir
Pano,https://jobs.lever.co/pano
Panopto,https://jobs.lever.co/panopto
Paradoxum Gg,https://jobs.lever.co/paradoxum-gg
Paralleldomain,https://jobs.lever.co/paralleldomain
Parallelwireless,https://jobs.lever.co/parallelwireless
Paramobility,https://jobs.lever.co/paramobility
Parcelvision,https://jobs.lever.co/parcelvision
Parkplace,https://jobs.lever.co/parkplace
Partoo,https://jobs.lever.co/partoo
Partyslate,https://jobs.lever.co/partyslate
Passport,https://jobs.lever.co/passport
Patchmypc,https://jobs.lever.co/patchmypc
Patsnap,https://jobs.lever.co/patsnap
Pattern,https://jobs.lever.co/pattern
Payabli,https://jobs.lever.co/payabli
Payjoy,https://jobs.lever.co/payjoy
Paytm,https://jobs.lever.co/paytm
Payugpo,https://jobs.lever.co/payugpo
Pditechnologies,https://jobs.lever.co/pditechnologies
Peachfinance,https://jobs.lever.co/peachfinance
Peakgames,https://jobs.lever.co/peakgames
Peerspace,https://jobs.lever.co/peerspace
Pelago,https://jobs.lever.co/pelago
Pelmorex,https://jobs.lever.co/pelmorex
Pendulum,https://jobs.lever.co/pendulum
Pennylane,https://jobs.lever.co/pennylane
Pentagrp,https://jobs.lever.co/pentagrp
Penumbrainc,https://jobs.lever.co/penumbrainc
People Ai,https://jobs.lever.co/people-ai
Peoplegrove,https://jobs.lever.co/peoplegrove
Percipient,https://jobs.lever.co/percipient
Perennial,https://jobs.lever.co/perennial
Perforce,https://jobs.lever.co/perforce
Persona,https://jobs.lever.co/persona
Petvisor,https://jobs.lever.co/petvisor
Pexa,https://jobs.lever.co/pexa
Phoenixtailings,https://jobs.lever.co/phoenixtailings
Pibenchmark,https://jobs.lever.co/pibenchmark
Piccollage,https://jobs.lever.co/piccollage
Picklerobot,https://jobs.lever.co/picklerobot
Picus,https://jobs.lever.co/picus
Pigment,https://jobs.lever.co/pigment
Pillartechnology,https://jobs.lever.co/pillartechnology
Pine Services,https://jobs.lever.co/pine-services
Pingcap,https://jobs.lever.co/pingcap
Pingwind,https://jobs.lever.co/pingwind
Pioneer Services,https://jobs.lever.co/pioneer-services
Pip,https://jobs.lever.co/pip
Pipedrive,https://jobs.lever.co/pipedrive
Piplabs,https://jobs.lever.co/piplabs
Pivotal,https://jobs.lever.co/pivotal
Pivotenergy,https://jobs.lever.co/pivotenergy
Placemakr,https://jobs.lever.co/placemakr
Plaid,https://jobs.lever.co/plaid
Planettechnologies,https://jobs.lever.co/planettechnologies
Planned,https://jobs.lever.co/planned
Planned 2,https://jobs.lever.co/planned-2
Planner5D,https://jobs.lever.co/planner5d
Platform Stud,https://jobs.lever.co/platform-stud
Playbook,https://jobs.lever.co/playbook
Playonsports,https://jobs.lever.co/playonsports
Playplay,https://jobs.lever.co/playplay
Plivo,https://jobs.lever.co/plivo
Plume,https://jobs.lever.co/plume
Plus 2,https://jobs.lever.co/plus-2
Plusgrade,https://jobs.lever.co/plusgrade
Pmdsoft,https://jobs.lever.co/pmdsoft
Pockethealth,https://jobs.lever.co/pockethealth
Pointclickcare,https://jobs.lever.co/pointclickcare
Policyme,https://jobs.lever.co/policyme
Pollyex,https://jobs.lever.co/pollyex
Popsockets,https://jobs.lever.co/popsockets
Portagepointpartners,https://jobs.lever.co/portagepointpartners
Portcast,https://jobs.lever.co/portcast
Porter,https://jobs.lever.co/porter
Portoro,https://jobs.lever.co/portoro
Portpro,https://jobs.lever.co/portpro
Powerex,https://jobs.lever.co/powerex
Pp La,https://jobs.lever.co/pp-la
Ppde,https://jobs.lever.co/ppde
Ppfa,https://jobs.lever.co/ppfa
Ppgny,https://jobs.lever.co/ppgny
Ppgreatplains,https://jobs.lever.co/ppgreatplains
Pphp,https://jobs.lever.co/pphp
Ppil,https://jobs.lever.co/ppil
Pplm,https://jobs.lever.co/pplm
Ppmd,https://jobs.lever.co/ppmd
Ppmi,https://jobs.lever.co/ppmi
Ppmontana,https://jobs.lever.co/ppmontana
Ppncny,https://jobs.lever.co/ppncny
Ppnne,https://jobs.lever.co/ppnne
Ppro,https://jobs.lever.co/ppro
Ppse,https://jobs.lever.co/ppse
Ppsne,https://jobs.lever.co/ppsne
Ppsouthtexas,https://jobs.lever.co/ppsouthtexas
Ppwi,https://jobs.lever.co/ppwi
Prelim,https://jobs.lever.co/prelim
Premia,https://jobs.lever.co/premia
Pretto,https://jobs.lever.co/pretto
Prilenia,https://jobs.lever.co/prilenia
Primeexecutiveoffice,https://jobs.lever.co/primeexecutiveoffice
Princesspolly,https://jobs.lever.co/princesspolly
Princeton10,https://jobs.lever.co/princeton10
Prismic,https://jobs.lever.co/prismic
Prizeout,https://jobs.lever.co/prizeout
Procept Biorobotics,https://jobs.lever.co/procept-biorobotics
Profoundresearch,https://jobs.lever.co/profoundresearch
Project Healthy Minds,https://jobs.lever.co/project-healthy-minds
Prolific Machines,https://jobs.lever.co/prolific-machines
Promenade,https://jobs.lever.co/promenade
Prometheanworld,https://jobs.lever.co/prometheanworld
Promiserobotics,https://jobs.lever.co/promiserobotics
Proof,https://jobs.lever.co/proof
Propellerhead,https://jobs.lever.co/propellerhead
Propelsoftware,https://jobs.lever.co/propelsoftware
Proper,https://jobs.lever.co/proper
Prophethomes,https://jobs.lever.co/prophethomes
Prosper,https://jobs.lever.co/prosper
Protective,https://jobs.lever.co/protective
Protolabs,https://jobs.lever.co/protolabs
Protrials,https://jobs.lever.co/protrials
Provectus,https://jobs.lever.co/provectus
Provi,https://jobs.lever.co/provi
Pryon,https://jobs.lever.co/pryon
Psintegrated,https://jobs.lever.co/psintegrated
Pt78,https://jobs.lever.co/pt78
Publiccloudgroup 2,https://jobs.lever.co/publiccloudgroup-2
Purplelandmgmt,https://jobs.lever.co/purplelandmgmt
Pushpress,https://jobs.lever.co/pushpress
Pushsecurity,https://jobs.lever.co/pushsecurity
Pythian,https://jobs.lever.co/pythian
Q Ctrl,https://jobs.lever.co/q-ctrl
Qloo,https://jobs.lever.co/qloo
Qonto,https://jobs.lever.co/qonto
Qsic,https://jobs.lever.co/qsic
Quadlock,https://jobs.lever.co/quadlock
Qualdoc,https://jobs.lever.co/qualdoc
Qualysoft,https://jobs.lever.co/qualysoft
Quantcast,https://jobs.lever.co/quantcast
Quantco ,https://jobs.lever.co/quantco-
Quantlane,https://jobs.lever.co/quantlane
Quantummetric,https://jobs.lever.co/quantummetric
Quartzy,https://jobs.lever.co/quartzy
Quenchwater,https://jobs.lever.co/quenchwater
Questanalytics,https://jobs.lever.co/questanalytics
Quincus,https://jobs.lever.co/quincus
Quizizz,https://jobs.lever.co/quizizz
Quizlet 2,https://jobs.lever.co/quizlet-2
Quokka,https://jobs.lever.co/quokka
Qvest.Us,https://jobs.lever.co/qvest.us
Qwello.Eu,https://jobs.lever.co/qwello.eu
Rackspace,https://jobs.lever.co/rackspace
Radformation,https://jobs.lever.co/radformation
Radicalai,https://jobs.lever.co/radicalai
Rai,https://jobs.lever.co/rai
Raine,https://jobs.lever.co/raine
Rainfocus,https://jobs.lever.co/rainfocus
Ranger,https://jobs.lever.co/ranger
Rapidai,https://jobs.lever.co/rapidai
Raptormaps,https://jobs.lever.co/raptormaps
Raptstudio,https://jobs.lever.co/raptstudio
Raptv,https://jobs.lever.co/raptv
Raya,https://jobs.lever.co/raya
Reachpower,https://jobs.lever.co/reachpower
Realself,https://jobs.lever.co/realself
Recast Software,https://jobs.lever.co/recast-software
Recordpoint,https://jobs.lever.co/recordpoint
Recurrency,https://jobs.lever.co/recurrency
Redhorsecorp,https://jobs.lever.co/redhorsecorp
Redoxengine,https://jobs.lever.co/redoxengine
Redsox,https://jobs.lever.co/redsox
Redwoodcu,https://jobs.lever.co/redwoodcu
Reebelo,https://jobs.lever.co/reebelo
Refed,https://jobs.lever.co/refed
Regalvoice,https://jobs.lever.co/regalvoice
Regard,https://jobs.lever.co/regard
Regenxbio,https://jobs.lever.co/regenxbio
Regrello,https://jobs.lever.co/regrello
Regrow.Ag,https://jobs.lever.co/regrow.ag
Reliable,https://jobs.lever.co/reliable
Remedyproductstudio,https://jobs.lever.co/remedyproductstudio
Remofirst,https://jobs.lever.co/remofirst
Rendernetworks,https://jobs.lever.co/rendernetworks
Renegade,https://jobs.lever.co/renegade
Renofi,https://jobs.lever.co/renofi
Reply,https://jobs.lever.co/reply
Researchinnovations.Com,https://jobs.lever.co/researchinnovations.com
Resilience,https://jobs.lever.co/resilience
Resilinc,https://jobs.lever.co/resilinc
Restaurant365,https://jobs.lever.co/restaurant365
Retired,https://jobs.lever.co/retired
Retro,https://jobs.lever.co/retro
Revealtech,https://jobs.lever.co/revealtech
Revefi,https://jobs.lever.co/revefi
Reveneer,https://jobs.lever.co/reveneer
Revenueanalytics,https://jobs.lever.co/revenueanalytics
Revhealth,https://jobs.lever.co/revhealth
Review,https://jobs.lever.co/review
Revinate,https://jobs.lever.co/revinate
Reviverx,https://jobs.lever.co/reviverx
Revolut,https://jobs.lever.co/revolut
Rezolutebio,https://jobs.lever.co/rezolutebio
Rfa 2,https://jobs.lever.co/rfa-2
Rgi,https://jobs.lever.co/rgi
Rhombus Systems,https://jobs.lever.co/rhombus-systems
Ridezum,https://jobs.lever.co/ridezum
Ridwell,https://jobs.lever.co/ridwell
Rigetti,https://jobs.lever.co/rigetti
Rightformula,https://jobs.lever.co/rightformula
Rightsideup,https://jobs.lever.co/rightsideup
Rilldata,https://jobs.lever.co/rilldata
Riocan,https://jobs.lever.co/riocan
Rise,https://jobs.lever.co/rise
Riveron,https://jobs.lever.co/riveron
Rivosinc,https://jobs.lever.co/rivosinc
Rivr,https://jobs.lever.co/rivr
Rld Foundation,https://jobs.lever.co/rld-foundation
Ro,https://jobs.lever.co/ro
Roadrunner Studios,https://jobs.lever.co/roadrunner-studios
Robbytechnologies,https://jobs.lever.co/robbytechnologies
Robinpowered,https://jobs.lever.co/robinpowered
Roboticassistancedevices,https://jobs.lever.co/roboticassistancedevices
Robust Ai,https://jobs.lever.co/robust-ai
Rocketship,https://jobs.lever.co/rocketship
Rookcoffee,https://jobs.lever.co/rookcoffee
Root16,https://jobs.lever.co/root16
Roshalimaging,https://jobs.lever.co/roshalimaging
Routethis,https://jobs.lever.co/routethis
Rover,https://jobs.lever.co/rover
Rovio 2,https://jobs.lever.co/rovio-2
Royalambulance,https://jobs.lever.co/royalambulance
Rqteam,https://jobs.lever.co/rqteam
Run Alloy,https://jobs.lever.co/run-alloy
Rushdownstudio,https://jobs.lever.co/rushdownstudio
Rws,https://jobs.lever.co/rws
Ryzlabs,https://jobs.lever.co/ryzlabs
Safe,https://jobs.lever.co/safe
Safetyculture 2,https://jobs.lever.co/safetyculture-2
Sait,https://jobs.lever.co/sait
Sakon,https://jobs.lever.co/sakon
Salvohealth,https://jobs.lever.co/salvohealth
Sambatv,https://jobs.lever.co/sambatv
Sanabenefits,https://jobs.lever.co/sanabenefits
Sanas.Ai,https://jobs.lever.co/sanas.ai
Sanctuary,https://jobs.lever.co/sanctuary
Sandboxvr,https://jobs.lever.co/sandboxvr
Sapiosciences,https://jobs.lever.co/sapiosciences
Sar,https://jobs.lever.co/sar
Saronic,https://jobs.lever.co/saronic
Sauce,https://jobs.lever.co/sauce
Savii 2,https://jobs.lever.co/savii-2
Saviynt,https://jobs.lever.co/saviynt
Scale3C,https://jobs.lever.co/scale3c
Scaleway,https://jobs.lever.co/scaleway
Scality,https://jobs.lever.co/scality
Scanlinevfx,https://jobs.lever.co/scanlinevfx
Schmidt Entities,https://jobs.lever.co/schmidt-entities
Scholarrock,https://jobs.lever.co/scholarrock
Scholarsoffinance,https://jobs.lever.co/scholarsoffinance
Scismic,https://jobs.lever.co/scismic
Scoperecruiting,https://jobs.lever.co/scoperecruiting
Sdatasystems.Com,https://jobs.lever.co/sdatasystems.com
Sdhrconsulting,https://jobs.lever.co/sdhrconsulting
Seaportglobal,https://jobs.lever.co/seaportglobal
Securecodewarrior,https://jobs.lever.co/securecodewarrior
Secureframe,https://jobs.lever.co/secureframe
Seedify Fund,https://jobs.lever.co/seedify-fund
Seerinteractive,https://jobs.lever.co/seerinteractive
Seilabs,https://jobs.lever.co/seilabs
Sensortower,https://jobs.lever.co/sensortower
Sep,https://jobs.lever.co/sep
Serotonin,https://jobs.lever.co/serotonin
Serverfarm,https://jobs.lever.co/serverfarm
Servicerocket,https://jobs.lever.co/servicerocket
Sesame,https://jobs.lever.co/sesame
Seven Starling,https://jobs.lever.co/seven-starling
Sevenseas.Capital,https://jobs.lever.co/sevenseas.capital
Sfcg,https://jobs.lever.co/sfcg
Sfeir,https://jobs.lever.co/sfeir
Sfgiants,https://jobs.lever.co/sfgiants
Sfmoma,https://jobs.lever.co/sfmoma
Shakacode,https://jobs.lever.co/shakacode
Shakudo,https://jobs.lever.co/shakudo
Sharpsmart,https://jobs.lever.co/sharpsmart
Shieldai,https://jobs.lever.co/shieldai
Shippo,https://jobs.lever.co/shippo
Shopback 2,https://jobs.lever.co/shopback-2
Shopreli,https://jobs.lever.co/shopreli
Showpo 2,https://jobs.lever.co/showpo-2
Shyftlabs,https://jobs.lever.co/shyftlabs
Sideinc,https://jobs.lever.co/sideinc
Siepe,https://jobs.lever.co/siepe
Sierraclub,https://jobs.lever.co/sierraclub
Sietefoods 2,https://jobs.lever.co/sietefoods-2
Signal,https://jobs.lever.co/signal
Significanceinc,https://jobs.lever.co/significanceinc
Signinsolutions,https://jobs.lever.co/signinsolutions
Sila,https://jobs.lever.co/sila
Simberobotics,https://jobs.lever.co/simberobotics
Simulmedia,https://jobs.lever.co/simulmedia
Singerlewak,https://jobs.lever.co/singerlewak
Sitetracker,https://jobs.lever.co/sitetracker
Skello,https://jobs.lever.co/skello
Skillshare,https://jobs.lever.co/skillshare
Skio,https://jobs.lever.co/skio
Skydance,https://jobs.lever.co/skydance
Skygrid,https://jobs.lever.co/skygrid
Skylineconstruction,https://jobs.lever.co/skylineconstruction
Skypointcloud,https://jobs.lever.co/skypointcloud
Skyslope,https://jobs.lever.co/skyslope
Skyways,https://jobs.lever.co/skyways
Slangai,https://jobs.lever.co/slangai
Slate,https://jobs.lever.co/slate
Smarsh,https://jobs.lever.co/smarsh
Smart Working Solutions,https://jobs.lever.co/smart-working-solutions
Smartbugoperatingllc,https://jobs.lever.co/smartbugoperatingllc
Smartenergy,https://jobs.lever.co/smartenergy
Smiledigitalhealth,https://jobs.lever.co/smiledigitalhealth
Snappr,https://jobs.lever.co/snappr
Snif,https://jobs.lever.co/snif
Sofarsounds,https://jobs.lever.co/sofarsounds
Solarlandscape,https://jobs.lever.co/solarlandscape
Solidcore,https://jobs.lever.co/solidcore
Solopulseco,https://jobs.lever.co/solopulseco
Solutiondesign,https://jobs.lever.co/solutiondesign
Solutuslegal,https://jobs.lever.co/solutuslegal
Sonarsource,https://jobs.lever.co/sonarsource
Sonatype,https://jobs.lever.co/sonatype
Soniresources,https://jobs.lever.co/soniresources
Soraschools,https://jobs.lever.co/soraschools
Soum,https://jobs.lever.co/soum
Soundstack,https://jobs.lever.co/soundstack
Spear,https://jobs.lever.co/spear
Spear Ai,https://jobs.lever.co/spear-ai
Spendesk,https://jobs.lever.co/spendesk
Spiceai,https://jobs.lever.co/spiceai
Spine Media,https://jobs.lever.co/spine-media
Splash Music,https://jobs.lever.co/splash-music
Splend,https://jobs.lever.co/splend
Spmb,https://jobs.lever.co/spmb
Sporty,https://jobs.lever.co/sporty
Spotify,https://jobs.lever.co/spotify
Spreetail,https://jobs.lever.co/spreetail
Sprinterhealth,https://jobs.lever.co/sprinterhealth
Sprinto,https://jobs.lever.co/sprinto
Sprucesystems,https://jobs.lever.co/sprucesystems
Sprymethods,https://jobs.lever.co/sprymethods
Sprypointservices,https://jobs.lever.co/sprypointservices
Sqaservices,https://jobs.lever.co/sqaservices
Stable Money1,https://jobs.lever.co/stable-money1
Stackadapt,https://jobs.lever.co/stackadapt
Stackblitz,https://jobs.lever.co/stackblitz
Stackedsp,https://jobs.lever.co/stackedsp
Stackhawk,https://jobs.lever.co/stackhawk
Standtogether,https://jobs.lever.co/standtogether
Stanleygroup,https://jobs.lever.co/stanleygroup
Starburstdata,https://jobs.lever.co/starburstdata
Starkbank,https://jobs.lever.co/starkbank
Startengine,https://jobs.lever.co/startengine
Startuptap,https://jobs.lever.co/startuptap
Steerbridge,https://jobs.lever.co/steerbridge
Stoneridgesoftware,https://jobs.lever.co/stoneridgesoftware
Storiogroup,https://jobs.lever.co/storiogroup
Storygrounds,https://jobs.lever.co/storygrounds
Stradaeducation,https://jobs.lever.co/stradaeducation
Straighterline,https://jobs.lever.co/straighterline
Strategicgears,https://jobs.lever.co/strategicgears
Strongcompute,https://jobs.lever.co/strongcompute
Studypoint,https://jobs.lever.co/studypoint
Sublimesystems,https://jobs.lever.co/sublimesystems
Sugarcrm,https://jobs.lever.co/sugarcrm
Suger,https://jobs.lever.co/suger
Summithq,https://jobs.lever.co/summithq
Sumo Digital,https://jobs.lever.co/sumo-digital
Sundaysfordogs,https://jobs.lever.co/sundaysfordogs
Sundrivesolar,https://jobs.lever.co/sundrivesolar
Sunshinesachs,https://jobs.lever.co/sunshinesachs
Sunsrce,https://jobs.lever.co/sunsrce
Sunwatercapital,https://jobs.lever.co/sunwatercapital
Super Com,https://jobs.lever.co/super-com
Superannotate,https://jobs.lever.co/superannotate
Supermove,https://jobs.lever.co/supermove
Supernovacompanies,https://jobs.lever.co/supernovacompanies
Superside,https://jobs.lever.co/superside
Superstate,https://jobs.lever.co/superstate
Supportkind,https://jobs.lever.co/supportkind
Sure,https://jobs.lever.co/sure
Surfshark,https://jobs.lever.co/surfshark
Swapcard,https://jobs.lever.co/swapcard
Swiftconnect,https://jobs.lever.co/swiftconnect
Swile,https://jobs.lever.co/swile
Swingdev,https://jobs.lever.co/swingdev
Swissblock,https://jobs.lever.co/swissblock
Swissborg,https://jobs.lever.co/swissborg
Swordhealth,https://jobs.lever.co/swordhealth
Sylndr,https://jobs.lever.co/sylndr
Sylvera,https://jobs.lever.co/sylvera
Symmetrysystems,https://jobs.lever.co/symmetrysystems
Symplicity,https://jobs.lever.co/symplicity
Synapticure,https://jobs.lever.co/synapticure
Synmax,https://jobs.lever.co/synmax
Syntax,https://jobs.lever.co/syntax
Syntronic,https://jobs.lever.co/syntronic
Sysdig,https://jobs.lever.co/sysdig
System1,https://jobs.lever.co/system1
Tackle,https://jobs.lever.co/tackle
Tagup,https://jobs.lever.co/tagup
Tahoebio Ai,https://jobs.lever.co/tahoebio-ai
Tala,https://jobs.lever.co/tala
Talentneuron,https://jobs.lever.co/talentneuron
Talentus,https://jobs.lever.co/talentus
Talentwerx.Io,https://jobs.lever.co/talentwerx.io
Talkiatry,https://jobs.lever.co/talkiatry
Tamr,https://jobs.lever.co/tamr
Tandems,https://jobs.lever.co/tandems
Tangraminteriors,https://jobs.lever.co/tangraminteriors
Tapasmedia,https://jobs.lever.co/tapasmedia
Tavernresearch,https://jobs.lever.co/tavernresearch
Tdthornton,https://jobs.lever.co/tdthornton
Teamshares,https://jobs.lever.co/teamshares
Teamsnap,https://jobs.lever.co/teamsnap
Teecom,https://jobs.lever.co/teecom
Teikametrics,https://jobs.lever.co/teikametrics
Tektome,https://jobs.lever.co/tektome
Telda.App,https://jobs.lever.co/telda.app
Teleo,https://jobs.lever.co/teleo
Teleport,https://jobs.lever.co/teleport
Telesat,https://jobs.lever.co/telesat
Teller,https://jobs.lever.co/teller
Tendo,https://jobs.lever.co/tendo
Teramind,https://jobs.lever.co/teramind
Terawattinfrastructure,https://jobs.lever.co/terawattinfrastructure
Terraformation,https://jobs.lever.co/terraformation
Terrahq,https://jobs.lever.co/terrahq
Terrascend,https://jobs.lever.co/terrascend
Terrascope,https://jobs.lever.co/terrascope
Tevora,https://jobs.lever.co/tevora
Texas Original,https://jobs.lever.co/texas-original
Textnow,https://jobs.lever.co/textnow
Thalolabs,https://jobs.lever.co/thalolabs
Thea.Energy,https://jobs.lever.co/thea.energy
Theathletic,https://jobs.lever.co/theathletic
Theblacktux,https://jobs.lever.co/theblacktux
Theblockcrypto,https://jobs.lever.co/theblockcrypto
Thecontigroup,https://jobs.lever.co/thecontigroup
Thefp,https://jobs.lever.co/thefp
Thehousemajoritypac,https://jobs.lever.co/thehousemajoritypac
Theinformationlab,https://jobs.lever.co/theinformationlab
Thekrazycouponlady,https://jobs.lever.co/thekrazycouponlady
Theodo,https://jobs.lever.co/theodo
Thepeoplebrand,https://jobs.lever.co/thepeoplebrand
Thepieexecsearch,https://jobs.lever.co/thepieexecsearch
Thesalesfactory,https://jobs.lever.co/thesalesfactory
Thetrevorproject,https://jobs.lever.co/thetrevorproject
Thinkahead,https://jobs.lever.co/thinkahead
Thinkingbox,https://jobs.lever.co/thinkingbox
Threattec,https://jobs.lever.co/threattec
Thrivecausemetics,https://jobs.lever.co/thrivecausemetics
Thuma,https://jobs.lever.co/thuma
Thunkable,https://jobs.lever.co/thunkable
Tiket,https://jobs.lever.co/tiket
Tildei,https://jobs.lever.co/tildei
Timelycare,https://jobs.lever.co/timelycare
Titanwh,https://jobs.lever.co/titanwh
Titmouse,https://jobs.lever.co/titmouse
Tkda,https://jobs.lever.co/tkda
Todaytixgroup,https://jobs.lever.co/todaytixgroup
Tokenmetrics,https://jobs.lever.co/tokenmetrics
Toku,https://jobs.lever.co/toku
Tom Steyer,https://jobs.lever.co/tom-steyer
Tombras,https://jobs.lever.co/tombras
Tomjames,https://jobs.lever.co/tomjames
Tonic,https://jobs.lever.co/tonic
Topicalsrx,https://jobs.lever.co/topicalsrx
Topl,https://jobs.lever.co/topl
Toptal,https://jobs.lever.co/toptal
Torch,https://jobs.lever.co/torch
Torchdental,https://jobs.lever.co/torchdental
Tovala,https://jobs.lever.co/tovala
Tracksuit Limited,https://jobs.lever.co/tracksuit-limited
Tracktik,https://jobs.lever.co/tracktik
Trackvfx,https://jobs.lever.co/trackvfx
Tradeify,https://jobs.lever.co/tradeify
Trader,https://jobs.lever.co/trader
Trailappliances,https://jobs.lever.co/trailappliances
Tramgroup,https://jobs.lever.co/tramgroup
Transmutex,https://jobs.lever.co/transmutex
Transparentpartners,https://jobs.lever.co/transparentpartners
Treering,https://jobs.lever.co/treering
Trellis,https://jobs.lever.co/trellis
Trend Health Partners,https://jobs.lever.co/trend-health-partners
Trendyol,https://jobs.lever.co/trendyol
Trevipay,https://jobs.lever.co/trevipay
Tri,https://jobs.lever.co/tri
Triallibrary,https://jobs.lever.co/triallibrary
Trilogyfederal,https://jobs.lever.co/trilogyfederal
Trio,https://jobs.lever.co/trio
Tripalink,https://jobs.lever.co/tripalink
True Environmental,https://jobs.lever.co/true-environmental
Trueml,https://jobs.lever.co/trueml
Truetandem,https://jobs.lever.co/truetandem
Trunkio,https://jobs.lever.co/trunkio
Trustarc,https://jobs.lever.co/trustarc
Trustly,https://jobs.lever.co/trustly
Trustyou,https://jobs.lever.co/trustyou
Truv,https://jobs.lever.co/truv
Tryjeeves,https://jobs.lever.co/tryjeeves
Tryriot,https://jobs.lever.co/tryriot
Tsmg,https://jobs.lever.co/tsmg
Ttecdigital,https://jobs.lever.co/ttecdigital
Turvo,https://jobs.lever.co/turvo
Tutorintelligence,https://jobs.lever.co/tutorintelligence
Twingate,https://jobs.lever.co/twingate
Tx Inc.Com,https://jobs.lever.co/tx-inc.com
Txse,https://jobs.lever.co/txse
Ubiminds,https://jobs.lever.co/ubiminds
Uft,https://jobs.lever.co/uft
Ultrahealthproviders,https://jobs.lever.co/ultrahealthproviders
Uncountable,https://jobs.lever.co/uncountable
Unico,https://jobs.lever.co/unico
Unifyconsulting,https://jobs.lever.co/unifyconsulting
Unisoninfra,https://jobs.lever.co/unisoninfra
Unitq,https://jobs.lever.co/unitq
Univeris.Com,https://jobs.lever.co/univeris.com
Unlikely,https://jobs.lever.co/unlikely
Unlimit,https://jobs.lever.co/unlimit
Unraveldata,https://jobs.lever.co/unraveldata
Until,https://jobs.lever.co/until
Unusual,https://jobs.lever.co/unusual
Upguard,https://jobs.lever.co/upguard
Upstox,https://jobs.lever.co/upstox
Usasurveyjob,https://jobs.lever.co/usasurveyjob
Useinsider,https://jobs.lever.co/useinsider
Usmobile,https://jobs.lever.co/usmobile
Uvcyber,https://jobs.lever.co/uvcyber
Vacancies,https://jobs.lever.co/vacancies
Valdera,https://jobs.lever.co/valdera
Valdeseng,https://jobs.lever.co/valdeseng
Valence,https://jobs.lever.co/valence
Valgenesis,https://jobs.lever.co/valgenesis
Valiantys,https://jobs.lever.co/valiantys
Valinor,https://jobs.lever.co/valinor
Valkyrietrading,https://jobs.lever.co/valkyrietrading
Vana,https://jobs.lever.co/vana
Varomoney,https://jobs.lever.co/varomoney
Veepee,https://jobs.lever.co/veepee
Veeva,https://jobs.lever.co/veeva
Vendavo,https://jobs.lever.co/vendavo
Venteur,https://jobs.lever.co/venteur
Veo,https://jobs.lever.co/veo
Veonhq,https://jobs.lever.co/veonhq
Vergesense,https://jobs.lever.co/vergesense
Verifiable,https://jobs.lever.co/verifiable
Verisinsights,https://jobs.lever.co/verisinsights
Veritasinv,https://jobs.lever.co/veritasinv
Versana,https://jobs.lever.co/versana
Versapay,https://jobs.lever.co/versapay
Verygoodsecurity,https://jobs.lever.co/verygoodsecurity
Vesta Tech,https://jobs.lever.co/vesta-tech
Vestiairecollective,https://jobs.lever.co/vestiairecollective
Vesync,https://jobs.lever.co/vesync
Vevo,https://jobs.lever.co/vevo
Viacom18,https://jobs.lever.co/viacom18
Viamericas,https://jobs.lever.co/viamericas
Vicicollection,https://jobs.lever.co/vicicollection
Victoryhrg,https://jobs.lever.co/victoryhrg
Vida,https://jobs.lever.co/vida
Vidsy,https://jobs.lever.co/vidsy
Viget,https://jobs.lever.co/viget
Villa Homes,https://jobs.lever.co/villa-homes
Vipdesk,https://jobs.lever.co/vipdesk
Viseven,https://jobs.lever.co/viseven
Visioninvest,https://jobs.lever.co/visioninvest
Vivenu,https://jobs.lever.co/vivenu
Vivo Care,https://jobs.lever.co/vivo-care
Vivrelle,https://jobs.lever.co/vivrelle
Vo2 Group,https://jobs.lever.co/vo2-group
Voleon,https://jobs.lever.co/voleon
Voltai,https://jobs.lever.co/voltai
Voltus,https://jobs.lever.co/voltus
Vowforgirls,https://jobs.lever.co/vowforgirls
Voxel,https://jobs.lever.co/voxel
Voxy,https://jobs.lever.co/voxy
Voxy Engen,https://jobs.lever.co/voxy-engen
Vrchat,https://jobs.lever.co/vrchat
Waabi,https://jobs.lever.co/waabi
Wachter,https://jobs.lever.co/wachter
Wadetrim,https://jobs.lever.co/wadetrim
Wahed.Com,https://jobs.lever.co/wahed.com
Wahi,https://jobs.lever.co/wahi
Walkerandcompany,https://jobs.lever.co/walkerandcompany
Walkerconsultants,https://jobs.lever.co/walkerconsultants
Walkme,https://jobs.lever.co/walkme
Warblerlabs,https://jobs.lever.co/warblerlabs
Waremalcomb,https://jobs.lever.co/waremalcomb
Warmly,https://jobs.lever.co/warmly
Wasatchglobal,https://jobs.lever.co/wasatchglobal
Washmen,https://jobs.lever.co/washmen
Watchguard,https://jobs.lever.co/watchguard
Waterworks,https://jobs.lever.co/waterworks
Wattpad,https://jobs.lever.co/wattpad
Waveapps,https://jobs.lever.co/waveapps
Way,https://jobs.lever.co/way
Wayground,https://jobs.lever.co/wayground
Wealthfinancialtechnologies,https://jobs.lever.co/wealthfinancialtechnologies
Wealthfront,https://jobs.lever.co/wealthfront
Wealthsimple,https://jobs.lever.co/wealthsimple
Wearedream,https://jobs.lever.co/wearedream
Wearemeru,https://jobs.lever.co/wearemeru
Webfx,https://jobs.lever.co/webfx
Websummit,https://jobs.lever.co/websummit
Weekdayworks,https://jobs.lever.co/weekdayworks
Weinfuse,https://jobs.lever.co/weinfuse
Wellfit,https://jobs.lever.co/wellfit
Welocalize,https://jobs.lever.co/welocalize
Wepclinical,https://jobs.lever.co/wepclinical
Weride,https://jobs.lever.co/weride
Wgsn,https://jobs.lever.co/wgsn
Whereby,https://jobs.lever.co/whereby
Whiterabbit,https://jobs.lever.co/whiterabbit
Whoop,https://jobs.lever.co/whoop
Wilburlabs,https://jobs.lever.co/wilburlabs
Willowinc,https://jobs.lever.co/willowinc
Winamax,https://jobs.lever.co/winamax
Windfalldata,https://jobs.lever.co/windfalldata
Windownation,https://jobs.lever.co/windownation
Windowsbyrba,https://jobs.lever.co/windowsbyrba
Windsormanagement,https://jobs.lever.co/windsormanagement
Wingtra 2,https://jobs.lever.co/wingtra-2
Winnco,https://jobs.lever.co/winnco
Wintermute Trading,https://jobs.lever.co/wintermute-trading
Wisdomai,https://jobs.lever.co/wisdomai
Wisecode,https://jobs.lever.co/wisecode
Wishpond,https://jobs.lever.co/wishpond
Wmg,https://jobs.lever.co/wmg
Wolve,https://jobs.lever.co/wolve
Woodardcurran,https://jobs.lever.co/woodardcurran
Work Life,https://jobs.lever.co/work-life
Workinprogress,https://jobs.lever.co/workinprogress
Workos,https://jobs.lever.co/workos
Workramp,https://jobs.lever.co/workramp
Workwave,https://jobs.lever.co/workwave
World View Enterprises Inc.,https://jobs.lever.co/world-view-enterprises-inc.
Worldline,https://jobs.lever.co/worldline
Woven By Toyota,https://jobs.lever.co/woven-by-toyota
Wpromote,https://jobs.lever.co/wpromote
Wr,https://jobs.lever.co/wr
Wristcheck,https://jobs.lever.co/wristcheck
Wwprosolutions,https://jobs.lever.co/wwprosolutions
Wyetechllc,https://jobs.lever.co/wyetechllc
Xagroup,https://jobs.lever.co/xagroup
Xcimer,https://jobs.lever.co/xcimer
Xero,https://jobs.lever.co/xero
Xpansiv ,https://jobs.lever.co/xpansiv%20
Xsolla,https://jobs.lever.co/xsolla
Yardzen,https://jobs.lever.co/yardzen
Yassir,https://jobs.lever.co/yassir
Younited,https://jobs.lever.co/younited
Yubico,https://jobs.lever.co/yubico
Yuno,https://jobs.lever.co/yuno
Ywcaworks,https://jobs.lever.co/ywcaworks
Zadara,https://jobs.lever.co/zadara
Zaimler,https://jobs.lever.co/zaimler
Zanskar,https://jobs.lever.co/zanskar
Zartis,https://jobs.lever.co/zartis
Zededa,https://jobs.lever.co/zededa
Zeeco,https://jobs.lever.co/zeeco
Zeller,https://jobs.lever.co/zeller
Zencore,https://jobs.lever.co/zencore
Zeneducate,https://jobs.lever.co/zeneducate
Zenogroup,https://jobs.lever.co/zenogroup
Zensurance,https://jobs.lever.co/zensurance
Zerion,https://jobs.lever.co/zerion
Zero21,https://jobs.lever.co/zero21
Zerohomes,https://jobs.lever.co/zerohomes
Zerotier,https://jobs.lever.co/zerotier
Zeta,https://jobs.lever.co/zeta
Zimperium,https://jobs.lever.co/zimperium
Zocks,https://jobs.lever.co/zocks
Zoox,https://jobs.lever.co/zoox
Zopa,https://jobs.lever.co/zopa
Zowie,https://jobs.lever.co/zowie
Zurichinstruments,https://jobs.lever.co/zurichinstruments
Zurigroup,https://jobs.lever.co/zurigroup
Zuru,https://jobs.lever.co/zuru
Zushealth,https://jobs.lever.co/zushealth
