name,url
01C,https://jobs.ashbyhq.com/01c
0G,https://jobs.ashbyhq.com/0g
0X,https://jobs.ashbyhq.com/0x
1Mind Ai,https://jobs.ashbyhq.com/1mind-ai
1Password,https://jobs.ashbyhq.com/1password
1St Formations,https://jobs.ashbyhq.com/1st%20formations
30Mpc,https://jobs.ashbyhq.com/30mpc
3Y Health,https://jobs.ashbyhq.com/3y-health
8Fleet Inc,https://jobs.ashbyhq.com/8fleet-inc
9Fin,https://jobs.ashbyhq.com/9fin
A Place For Mom,https://jobs.ashbyhq.com/a-place-for-mom
A Team,https://jobs.ashbyhq.com/a-team
A1 Garage Door Service,https://jobs.ashbyhq.com/a1%20garage%20door%20service
A37,https://jobs.ashbyhq.com/a37
Abacum,https://jobs.ashbyhq.com/abacum
Abe,https://jobs.ashbyhq.com/abe
Abound,https://jobs.ashbyhq.com/abound
Abridge,https://jobs.ashbyhq.com/abridge
Accord,https://jobs.ashbyhq.com/accord
Accurx,https://jobs.ashbyhq.com/accurx
Ace 1 Media,https://jobs.ashbyhq.com/ace-1-media
Acorns,https://jobs.ashbyhq.com/acorns
Acquisition,https://jobs.ashbyhq.com/acquisition
Adaptive,https://jobs.ashbyhq.com/adaptive
Adaptive Ml,https://jobs.ashbyhq.com/adaptive-ml
Adaptivesecurity,https://jobs.ashbyhq.com/adaptivesecurity
Addi,https://jobs.ashbyhq.com/addi
Additiveai,https://jobs.ashbyhq.com/additiveai
Admiral,https://jobs.ashbyhq.com/admiral
Adthena,https://jobs.ashbyhq.com/adthena
Aerovect,https://jobs.ashbyhq.com/aerovect
Aescape,https://jobs.ashbyhq.com/aescape
Agent,https://jobs.ashbyhq.com/agent
Agentio,https://jobs.ashbyhq.com/agentio
Agentis Capital Advisors,https://jobs.ashbyhq.com/agentis-capital-advisors
Agreena,https://jobs.ashbyhq.com/agreena
Aidkit,https://jobs.ashbyhq.com/aidkit
Airapps,https://jobs.ashbyhq.com/airapps
Airgarage,https://jobs.ashbyhq.com/airgarage
Airops,https://jobs.ashbyhq.com/airops
Airspace Intelligence.Com,https://jobs.ashbyhq.com/airspace-intelligence.com
Airtasker,https://jobs.ashbyhq.com/airtasker
Airwallex,https://jobs.ashbyhq.com/airwallex
Aisle,https://jobs.ashbyhq.com/aisle
Alan,https://jobs.ashbyhq.com/alan
Alcazar Energy,https://jobs.ashbyhq.com/alcazar-energy
Alembic,https://jobs.ashbyhq.com/alembic
Aleph,https://jobs.ashbyhq.com/aleph
Alephalpha,https://jobs.ashbyhq.com/alephalpha
Alexai,https://jobs.ashbyhq.com/alexai
Allica Bank,https://jobs.ashbyhq.com/allica-bank
Allium,https://jobs.ashbyhq.com/allium
Alloyenterprises,https://jobs.ashbyhq.com/alloyenterprises
Almabase,https://jobs.ashbyhq.com/almabase
Almedia,https://jobs.ashbyhq.com/almedia
Also,https://jobs.ashbyhq.com/also
Altimate,https://jobs.ashbyhq.com/altimate
Altura,https://jobs.ashbyhq.com/altura
Aluriontalentgroup,https://jobs.ashbyhq.com/aluriontalentgroup
Ambiencehealthcare,https://jobs.ashbyhq.com/ambiencehealthcare
Ambient.Ai,https://jobs.ashbyhq.com/ambient.ai
Amboss,https://jobs.ashbyhq.com/amboss
Ambrook,https://jobs.ashbyhq.com/ambrook
Amca,https://jobs.ashbyhq.com/amca
Ameba,https://jobs.ashbyhq.com/ameba
Amidon,https://jobs.ashbyhq.com/amidon
Amigo,https://jobs.ashbyhq.com/amigo
Amo,https://jobs.ashbyhq.com/amo
Amper,https://jobs.ashbyhq.com/amper
Anagram,https://jobs.ashbyhq.com/anagram
Anam,https://jobs.ashbyhq.com/anam
Anara,https://jobs.ashbyhq.com/anara
Anglehealth,https://jobs.ashbyhq.com/anglehealth
Anima,https://jobs.ashbyhq.com/anima
Ankar,https://jobs.ashbyhq.com/ankar
Ankorstore,https://jobs.ashbyhq.com/ankorstore
Ann Aaron,https://jobs.ashbyhq.com/ann-aaron
Anon,https://jobs.ashbyhq.com/anon
Anrok,https://jobs.ashbyhq.com/anrok
Ansiblehealth,https://jobs.ashbyhq.com/ansiblehealth
Answersnow,https://jobs.ashbyhq.com/answersnow
Antaiventures,https://jobs.ashbyhq.com/antaiventures
Antares,https://jobs.ashbyhq.com/antares
Anterior,https://jobs.ashbyhq.com/anterior
Antimetal,https://jobs.ashbyhq.com/antimetal
Anuvaya,https://jobs.ashbyhq.com/anuvaya
Anyscale,https://jobs.ashbyhq.com/anyscale
Anything,https://jobs.ashbyhq.com/anything
Anyvan,https://jobs.ashbyhq.com/anyvan
Apella,https://jobs.ashbyhq.com/apella
Apex Technology Inc,https://jobs.ashbyhq.com/apex-technology-inc
Aphex,https://jobs.ashbyhq.com/aphex
Apiphany,https://jobs.ashbyhq.com/apiphany
Applied Compute,https://jobs.ashbyhq.com/applied%20compute
April,https://jobs.ashbyhq.com/april
Apron,https://jobs.ashbyhq.com/apron
Arago,https://jobs.ashbyhq.com/arago
Arb Interactive,https://jobs.ashbyhq.com/arb-interactive
Arbiter Ai,https://jobs.ashbyhq.com/arbiter-ai
Arbor,https://jobs.ashbyhq.com/arbor
Arcade,https://jobs.ashbyhq.com/arcade
Arcade Ai,https://jobs.ashbyhq.com/arcade-ai
Arch.Co,https://jobs.ashbyhq.com/arch.co
Argus,https://jobs.ashbyhq.com/argus
Ariesglobal,https://jobs.ashbyhq.com/ariesglobal
Array Behavioral Care,https://jobs.ashbyhq.com/array-behavioral-care
Articul8,https://jobs.ashbyhq.com/articul8
Artisan,https://jobs.ashbyhq.com/artisan
Ashby,https://jobs.ashbyhq.com/ashby
Aspora,https://jobs.ashbyhq.com/aspora
Assembledhq,https://jobs.ashbyhq.com/assembledhq
Assorthealth,https://jobs.ashbyhq.com/assorthealth
Assured,https://jobs.ashbyhq.com/assured
Assured Health,https://jobs.ashbyhq.com/assured-health
Astera,https://jobs.ashbyhq.com/astera
Astral,https://jobs.ashbyhq.com/astral
Astronomer,https://jobs.ashbyhq.com/astronomer
Asymmetric.Re,https://jobs.ashbyhq.com/asymmetric.re
Ataraxis Ai,https://jobs.ashbyhq.com/ataraxis-ai
Atlan,https://jobs.ashbyhq.com/atlan
Atlas,https://jobs.ashbyhq.com/atlas
Atob,https://jobs.ashbyhq.com/atob
Atomicsemi,https://jobs.ashbyhq.com/atomicsemi
Atroposhealth,https://jobs.ashbyhq.com/atroposhealth
Atticus,https://jobs.ashbyhq.com/atticus
Attio,https://jobs.ashbyhq.com/attio
Auctor,https://jobs.ashbyhq.com/auctor
Auditboard,https://jobs.ashbyhq.com/auditboard
Auger,https://jobs.ashbyhq.com/auger
August,https://jobs.ashbyhq.com/august
August Health,https://jobs.ashbyhq.com/august-health
Automat,https://jobs.ashbyhq.com/automat
Aven,https://jobs.ashbyhq.com/aven
Axelera,https://jobs.ashbyhq.com/axelera
Axiom,https://jobs.ashbyhq.com/axiom
Axiombio,https://jobs.ashbyhq.com/axiombio
Axionray,https://jobs.ashbyhq.com/axionray
Backmarket,https://jobs.ashbyhq.com/backmarket
Backpack,https://jobs.ashbyhq.com/backpack
Bags,https://jobs.ashbyhq.com/bags
Base,https://jobs.ashbyhq.com/base
Base Operations,https://jobs.ashbyhq.com/base-operations
Baseten,https://jobs.ashbyhq.com/baseten
Basis Ai,https://jobs.ashbyhq.com/basis-ai
Bastion,https://jobs.ashbyhq.com/bastion
Baton,https://jobs.ashbyhq.com/baton
Bayesianhealth,https://jobs.ashbyhq.com/bayesianhealth
Beamimpact,https://jobs.ashbyhq.com/beamimpact
Believer,https://jobs.ashbyhq.com/believer
Benepass,https://jobs.ashbyhq.com/benepass
Bentoml,https://jobs.ashbyhq.com/bentoml
Bespokelabs,https://jobs.ashbyhq.com/bespokelabs
Bestow,https://jobs.ashbyhq.com/bestow
Bettermile,https://jobs.ashbyhq.com/bettermile
Betterup,https://jobs.ashbyhq.com/betterup
Bevel,https://jobs.ashbyhq.com/bevel
Bhblasted,https://jobs.ashbyhq.com/bhblasted
Bifrost,https://jobs.ashbyhq.com/bifrost
Biggergames,https://jobs.ashbyhq.com/biggergames
Billups,https://jobs.ashbyhq.com/billups
Binance.Us,https://jobs.ashbyhq.com/binance.us
Bioptimizers,https://jobs.ashbyhq.com/bioptimizers
Bitvavo,https://jobs.ashbyhq.com/bitvavo
Bjakcareer,https://jobs.ashbyhq.com/bjakcareer
Blackbird Labs Inc,https://jobs.ashbyhq.com/blackbird-labs-inc
Bland,https://jobs.ashbyhq.com/bland
Blink,https://jobs.ashbyhq.com/blink
Bliro,https://jobs.ashbyhq.com/bliro
Block Labs,https://jobs.ashbyhq.com/block-labs
Blockdaemon,https://jobs.ashbyhq.com/blockdaemon
Blockhouse,https://jobs.ashbyhq.com/blockhouse
Blockworks,https://jobs.ashbyhq.com/blockworks
Blossom Health,https://jobs.ashbyhq.com/blossom-health
Blue Energy,https://jobs.ashbyhq.com/blue-energy
Blueberrypediatrics,https://jobs.ashbyhq.com/blueberrypediatrics
Blumen,https://jobs.ashbyhq.com/blumen
Boon,https://jobs.ashbyhq.com/boon
Botanictonics,https://jobs.ashbyhq.com/botanictonics
Botcrew,https://jobs.ashbyhq.com/botcrew
Bounce,https://jobs.ashbyhq.com/bounce
Brainco,https://jobs.ashbyhq.com/brainco
Brainly,https://jobs.ashbyhq.com/brainly
Braintrust,https://jobs.ashbyhq.com/braintrust
Brale,https://jobs.ashbyhq.com/brale
Branchinsurance,https://jobs.ashbyhq.com/branchinsurance
Bree,https://jobs.ashbyhq.com/bree
Brellium,https://jobs.ashbyhq.com/brellium
Brevis Network,https://jobs.ashbyhq.com/brevis-network
Bridge,https://jobs.ashbyhq.com/bridge
Brigit,https://jobs.ashbyhq.com/brigit
Brinc,https://jobs.ashbyhq.com/brinc
Brisk Teaching,https://jobs.ashbyhq.com/brisk-teaching
Broccoli,https://jobs.ashbyhq.com/broccoli
Browserbase,https://jobs.ashbyhq.com/browserbase
Buffer,https://jobs.ashbyhq.com/buffer
Buildout,https://jobs.ashbyhq.com/buildout
Bullpen Talent,https://jobs.ashbyhq.com/bullpen-talent
Bunch,https://jobs.ashbyhq.com/bunch
Burklandassociates,https://jobs.ashbyhq.com/burklandassociates
Caldera,https://jobs.ashbyhq.com/caldera
Camber,https://jobs.ashbyhq.com/camber
Cambio,https://jobs.ashbyhq.com/cambio
Cambly,https://jobs.ashbyhq.com/cambly
Campfire,https://jobs.ashbyhq.com/campfire
Campus,https://jobs.ashbyhq.com/campus
Camunda,https://jobs.ashbyhq.com/camunda
Canals,https://jobs.ashbyhq.com/canals
Candidhealth,https://jobs.ashbyhq.com/candidhealth
Cantina,https://jobs.ashbyhq.com/cantina
Capchase,https://jobs.ashbyhq.com/capchase
Cape,https://jobs.ashbyhq.com/cape
Capimoney,https://jobs.ashbyhq.com/capimoney
Cardless,https://jobs.ashbyhq.com/cardless
Cargado,https://jobs.ashbyhq.com/cargado
Cargo One,https://jobs.ashbyhq.com/cargo-one
Carry,https://jobs.ashbyhq.com/carry
Cartesia,https://jobs.ashbyhq.com/cartesia
Cas,https://jobs.ashbyhq.com/cas
Casap,https://jobs.ashbyhq.com/casap
Casca,https://jobs.ashbyhq.com/casca
Casium,https://jobs.ashbyhq.com/casium
Cassidy,https://jobs.ashbyhq.com/cassidy
Catchafire,https://jobs.ashbyhq.com/catchafire
Catena Labs,https://jobs.ashbyhq.com/catena-labs
Catio,https://jobs.ashbyhq.com/catio
Causaly,https://jobs.ashbyhq.com/causaly
Centari,https://jobs.ashbyhq.com/centari
Center,https://jobs.ashbyhq.com/center
Centivo,https://jobs.ashbyhq.com/centivo
Centralhq,https://jobs.ashbyhq.com/centralhq
Chaidiscovery,https://jobs.ashbyhq.com/chaidiscovery
Chainalysis Careers,https://jobs.ashbyhq.com/chainalysis-careers
Chainlink Labs,https://jobs.ashbyhq.com/chainlink-labs
Chapter,https://jobs.ashbyhq.com/chapter
Character,https://jobs.ashbyhq.com/character
Charge Robotics,https://jobs.ashbyhq.com/charge-robotics
Checkatrade,https://jobs.ashbyhq.com/checkatrade
Checkly,https://jobs.ashbyhq.com/checkly
Chestnut,https://jobs.ashbyhq.com/chestnut
Chief,https://jobs.ashbyhq.com/chief
Chimerareit,https://jobs.ashbyhq.com/chimerareit
Chromatic,https://jobs.ashbyhq.com/chromatic
Chronospherejobs,https://jobs.ashbyhq.com/chronospherejobs
Cinder,https://jobs.ashbyhq.com/cinder
Circuithub,https://jobs.ashbyhq.com/circuithub
Circulareconomysystems,https://jobs.ashbyhq.com/circulareconomysystems
Citadel Ai,https://jobs.ashbyhq.com/citadel-ai
Citizen,https://jobs.ashbyhq.com/citizen
Citizen Health,https://jobs.ashbyhq.com/citizen%20health
Civilgrid,https://jobs.ashbyhq.com/civilgrid
Clarion,https://jobs.ashbyhq.com/clarion
Claritypay,https://jobs.ashbyhq.com/claritypay
Clarium,https://jobs.ashbyhq.com/clarium
Clasp Group,https://jobs.ashbyhq.com/clasp-group
Classdojo,https://jobs.ashbyhq.com/classdojo
Claylabs,https://jobs.ashbyhq.com/claylabs
Clerk,https://jobs.ashbyhq.com/clerk
Clicklease,https://jobs.ashbyhq.com/clicklease
Climatiq,https://jobs.ashbyhq.com/climatiq
Clipboard,https://jobs.ashbyhq.com/clipboard
Close,https://jobs.ashbyhq.com/close
Cloudscaler,https://jobs.ashbyhq.com/cloudscaler
Cloudtrucks,https://jobs.ashbyhq.com/cloudtrucks
Cluely,https://jobs.ashbyhq.com/cluely
Coachhub Careers,https://jobs.ashbyhq.com/coachhub%20careers
Cobot,https://jobs.ashbyhq.com/cobot
Cocodelivery,https://jobs.ashbyhq.com/cocodelivery
Codegen,https://jobs.ashbyhq.com/codegen
Coder,https://jobs.ashbyhq.com/coder
Coderabbit,https://jobs.ashbyhq.com/coderabbit
Cogent Security,https://jobs.ashbyhq.com/cogent-security
Cognition,https://jobs.ashbyhq.com/cognition
Cohere,https://jobs.ashbyhq.com/cohere
Coinhako,https://jobs.ashbyhq.com/coinhako
Cointracker,https://jobs.ashbyhq.com/cointracker
Colonist,https://jobs.ashbyhq.com/colonist
Column,https://jobs.ashbyhq.com/column
Columntax,https://jobs.ashbyhq.com/columntax
Comfy Org,https://jobs.ashbyhq.com/comfy-org
Commonroom,https://jobs.ashbyhq.com/commonroom
Commons,https://jobs.ashbyhq.com/commons
Commure,https://jobs.ashbyhq.com/commure
Commure Athelas,https://jobs.ashbyhq.com/commure-athelas
Compa,https://jobs.ashbyhq.com/compa
Complete,https://jobs.ashbyhq.com/complete
Compound,https://jobs.ashbyhq.com/compound
Compscience,https://jobs.ashbyhq.com/compscience
Comulate,https://jobs.ashbyhq.com/comulate
Comun,https://jobs.ashbyhq.com/comun
Concourse,https://jobs.ashbyhq.com/concourse
Conductorai,https://jobs.ashbyhq.com/conductorai
Conductorone,https://jobs.ashbyhq.com/conductorone
Conduit,https://jobs.ashbyhq.com/conduit
Confiant,https://jobs.ashbyhq.com/confiant
Confluent,https://jobs.ashbyhq.com/confluent
Conquest,https://jobs.ashbyhq.com/conquest
Conscious Talent,https://jobs.ashbyhq.com/conscious-talent
Console,https://jobs.ashbyhq.com/console
Context,https://jobs.ashbyhq.com/context
Continua,https://jobs.ashbyhq.com/continua
Contoro,https://jobs.ashbyhq.com/contoro
Contradict Capital,https://jobs.ashbyhq.com/contradict%20capital
Conversion,https://jobs.ashbyhq.com/conversion
Convex Dev,https://jobs.ashbyhq.com/convex-dev
Convey,https://jobs.ashbyhq.com/convey
Copilot,https://jobs.ashbyhq.com/copilot
Coreplan,https://jobs.ashbyhq.com/coreplan
Coretylynt,https://jobs.ashbyhq.com/coretylynt
Corgi,https://jobs.ashbyhq.com/corgi
Cortea,https://jobs.ashbyhq.com/cortea
Corti,https://jobs.ashbyhq.com/corti
Counsel,https://jobs.ashbyhq.com/counsel
Count,https://jobs.ashbyhq.com/count
Cow Dao,https://jobs.ashbyhq.com/cow-dao
Coworker,https://jobs.ashbyhq.com/coworker
Cradlebio,https://jobs.ashbyhq.com/cradlebio
Craft.Co,https://jobs.ashbyhq.com/craft.co
Creatify,https://jobs.ashbyhq.com/creatify
Creatoriq,https://jobs.ashbyhq.com/creatoriq
Cred Platform,https://jobs.ashbyhq.com/cred%20platform
Credal,https://jobs.ashbyhq.com/credal
Creditgenie,https://jobs.ashbyhq.com/creditgenie
Credo.Ai,https://jobs.ashbyhq.com/credo.ai
Crete Professionals Alliance,https://jobs.ashbyhq.com/crete-professionals-alliance
Crosby,https://jobs.ashbyhq.com/crosby
Crusoe,https://jobs.ashbyhq.com/crusoe
Cruxclimate,https://jobs.ashbyhq.com/cruxclimate
Cryptio,https://jobs.ashbyhq.com/cryptio
Cube,https://jobs.ashbyhq.com/cube
Cubesoftware,https://jobs.ashbyhq.com/cubesoftware
Cubist,https://jobs.ashbyhq.com/cubist
Cultivatechain,https://jobs.ashbyhq.com/cultivatechain
Cuspai,https://jobs.ashbyhq.com/cuspai
Customuse,https://jobs.ashbyhq.com/customuse
Cyber.Fund,https://jobs.ashbyhq.com/cyber.fund
Cyberhaven,https://jobs.ashbyhq.com/cyberhaven
Cylinderhealth,https://jobs.ashbyhq.com/cylinderhealth
Cytora.Com,https://jobs.ashbyhq.com/cytora.com
D Matrix,https://jobs.ashbyhq.com/d-matrix
Dailypay,https://jobs.ashbyhq.com/dailypay
Dandy,https://jobs.ashbyhq.com/dandy
Darkroom,https://jobs.ashbyhq.com/darkroom
Darwin,https://jobs.ashbyhq.com/darwin
Dash0,https://jobs.ashbyhq.com/dash0
Dataguard,https://jobs.ashbyhq.com/dataguard
Datasnipper.Com,https://jobs.ashbyhq.com/datasnipper.com
Datatonic,https://jobs.ashbyhq.com/datatonic
Datologyai,https://jobs.ashbyhq.com/datologyai
David Ai,https://jobs.ashbyhq.com/david-ai
Davidenergy,https://jobs.ashbyhq.com/davidenergy
Davistechnologymanagement,https://jobs.ashbyhq.com/davistechnologymanagement
Daydream Ai,https://jobs.ashbyhq.com/daydream-ai
Dclimate,https://jobs.ashbyhq.com/dclimate
Decagon,https://jobs.ashbyhq.com/decagon
Decimal,https://jobs.ashbyhq.com/decimal
Dedale Intelligence,https://jobs.ashbyhq.com/dedale-intelligence
Deductive,https://jobs.ashbyhq.com/deductive
Deel,https://jobs.ashbyhq.com/deel
Deepgram,https://jobs.ashbyhq.com/deepgram
Deepl,https://jobs.ashbyhq.com/deepl
Delian,https://jobs.ashbyhq.com/delian
Delinea,https://jobs.ashbyhq.com/delinea
Deliveroo,https://jobs.ashbyhq.com/deliveroo
Delphi,https://jobs.ashbyhq.com/delphi
Deltia,https://jobs.ashbyhq.com/deltia
Delve,https://jobs.ashbyhq.com/delve
Demandbase,https://jobs.ashbyhq.com/demandbase
Deposco,https://jobs.ashbyhq.com/deposco
Develop Health,https://jobs.ashbyhq.com/develop-health
Devsavant,https://jobs.ashbyhq.com/devsavant
Dexmate,https://jobs.ashbyhq.com/dexmate
Diagrid,https://jobs.ashbyhq.com/diagrid
Didask,https://jobs.ashbyhq.com/didask
Directive,https://jobs.ashbyhq.com/directive
Distyl,https://jobs.ashbyhq.com/distyl
Diversified Botanics,https://jobs.ashbyhq.com/diversified-botanics
Docker,https://jobs.ashbyhq.com/docker
Doctronic,https://jobs.ashbyhq.com/doctronic
Doe,https://jobs.ashbyhq.com/doe
Doji,https://jobs.ashbyhq.com/doji
Dolarapp,https://jobs.ashbyhq.com/dolarapp
Dominion Dynamics,https://jobs.ashbyhq.com/dominion%20dynamics
Doppel,https://jobs.ashbyhq.com/doppel
Doppler,https://jobs.ashbyhq.com/doppler
Dorahacks,https://jobs.ashbyhq.com/dorahacks
Dosespot,https://jobs.ashbyhq.com/dosespot
Doss,https://jobs.ashbyhq.com/doss
Dottxt,https://jobs.ashbyhq.com/dottxt
Double,https://jobs.ashbyhq.com/double
Double The Donation,https://jobs.ashbyhq.com/double-the-donation
Dourolabs,https://jobs.ashbyhq.com/dourolabs
Dourolabs.Xyz,https://jobs.ashbyhq.com/dourolabs.xyz
Drata,https://jobs.ashbyhq.com/drata
Duck Duck Go,https://jobs.ashbyhq.com/duck-duck-go
Duna,https://jobs.ashbyhq.com/duna
Dune,https://jobs.ashbyhq.com/dune
Dust,https://jobs.ashbyhq.com/dust
Dyna Robotics,https://jobs.ashbyhq.com/dyna-robotics
Earnedwealth,https://jobs.ashbyhq.com/earnedwealth
Easygenerator,https://jobs.ashbyhq.com/easygenerator
Easyllama.Com,https://jobs.ashbyhq.com/easyllama.com
Echo,https://jobs.ashbyhq.com/echo
Ecosia.Org,https://jobs.ashbyhq.com/ecosia.org
Edia,https://jobs.ashbyhq.com/edia
Edvisorly,https://jobs.ashbyhq.com/edvisorly
Eigen Labs,https://jobs.ashbyhq.com/eigen-labs
Eightsleep,https://jobs.ashbyhq.com/eightsleep
Ekho,https://jobs.ashbyhq.com/ekho
Ekumenlabs,https://jobs.ashbyhq.com/ekumenlabs
Electric,https://jobs.ashbyhq.com/electric
Elevenlabs,https://jobs.ashbyhq.com/elevenlabs
Elicit,https://jobs.ashbyhq.com/elicit
Eliseai,https://jobs.ashbyhq.com/eliseai
Ellipsislabs,https://jobs.ashbyhq.com/ellipsislabs
Ello,https://jobs.ashbyhq.com/ello
Eloquentai,https://jobs.ashbyhq.com/eloquentai
Ema,https://jobs.ashbyhq.com/ema
Empo Health,https://jobs.ashbyhq.com/empo%20health
Empora,https://jobs.ashbyhq.com/empora
Endex,https://jobs.ashbyhq.com/endex
Endurance Energy,https://jobs.ashbyhq.com/endurance-energy
Enode,https://jobs.ashbyhq.com/enode
Ent Security,https://jobs.ashbyhq.com/ent-security
Envoy,https://jobs.ashbyhq.com/envoy
Eon Systems,https://jobs.ashbyhq.com/eon%20systems
Eotlabs,https://jobs.ashbyhq.com/eotlabs
Ephemera,https://jobs.ashbyhq.com/ephemera
Equals,https://jobs.ashbyhq.com/equals
Equi,https://jobs.ashbyhq.com/equi
Equip,https://jobs.ashbyhq.com/equip
Essentialai,https://jobs.ashbyhq.com/essentialai
Etched,https://jobs.ashbyhq.com/etched
Ethglobal,https://jobs.ashbyhq.com/ethglobal
Eventualcomputing,https://jobs.ashbyhq.com/eventualcomputing
Evenup,https://jobs.ashbyhq.com/evenup
Everai,https://jobs.ashbyhq.com/everai
Everfield,https://jobs.ashbyhq.com/everfield
Evertune,https://jobs.ashbyhq.com/evertune
Every Io,https://jobs.ashbyhq.com/every-io
Evolve Tech Llc,https://jobs.ashbyhq.com/evolve-tech-llc
Exa,https://jobs.ashbyhq.com/exa
Exegy,https://jobs.ashbyhq.com/exegy
Expressable,https://jobs.ashbyhq.com/expressable
Extend,https://jobs.ashbyhq.com/extend
Eye Security,https://jobs.ashbyhq.com/eye-security
Fable,https://jobs.ashbyhq.com/fable
Fabrion,https://jobs.ashbyhq.com/fabrion
Factory,https://jobs.ashbyhq.com/factory
Faculty,https://jobs.ashbyhq.com/faculty
Fanvue.Com,https://jobs.ashbyhq.com/fanvue.com
Fastino Ai,https://jobs.ashbyhq.com/fastino-ai
Fathom.Video,https://jobs.ashbyhq.com/fathom.video
Fella,https://jobs.ashbyhq.com/fella
Fermat,https://jobs.ashbyhq.com/fermat
Fiddler Ai,https://jobs.ashbyhq.com/fiddler-ai
Fieldguide,https://jobs.ashbyhq.com/fieldguide
Filed,https://jobs.ashbyhq.com/filed
Filigran,https://jobs.ashbyhq.com/filigran
Finalis,https://jobs.ashbyhq.com/finalis
Finalroundai,https://jobs.ashbyhq.com/finalroundai
Finary,https://jobs.ashbyhq.com/finary
Finch,https://jobs.ashbyhq.com/finch
Finch Legal,https://jobs.ashbyhq.com/finch-legal
Findarbor,https://jobs.ashbyhq.com/findarbor
Finmid.Com,https://jobs.ashbyhq.com/finmid.com
Finni Health,https://jobs.ashbyhq.com/finni-health
Firecrawl,https://jobs.ashbyhq.com/firecrawl
First Resonance,https://jobs.ashbyhq.com/first-resonance
Firstround,https://jobs.ashbyhq.com/firstround
Firststreet,https://jobs.ashbyhq.com/firststreet
Fitt,https://jobs.ashbyhq.com/fitt
Fizz,https://jobs.ashbyhq.com/fizz
Flaglerhealth,https://jobs.ashbyhq.com/flaglerhealth
Flagright.Com,https://jobs.ashbyhq.com/flagright.com
Flankai,https://jobs.ashbyhq.com/flankai
Flashbots.Net,https://jobs.ashbyhq.com/flashbots.net
Flashpoint.Io,https://jobs.ashbyhq.com/flashpoint.io
Fleetworks,https://jobs.ashbyhq.com/fleetworks
Flink,https://jobs.ashbyhq.com/flink
Flock Safety,https://jobs.ashbyhq.com/flock%20safety
Flowengineering,https://jobs.ashbyhq.com/flowengineering
Flowhub,https://jobs.ashbyhq.com/flowhub
Flox,https://jobs.ashbyhq.com/flox
Fluidstack,https://jobs.ashbyhq.com/fluidstack
Flutterflow,https://jobs.ashbyhq.com/flutterflow
Flux,https://jobs.ashbyhq.com/flux
Flux Computing,https://jobs.ashbyhq.com/flux-computing
Focused,https://jobs.ashbyhq.com/focused
Fonoa,https://jobs.ashbyhq.com/fonoa
Foresite Labs Fl2024 006,https://jobs.ashbyhq.com/foresite-labs-fl2024-006
Formal,https://jobs.ashbyhq.com/formal
Formenergy,https://jobs.ashbyhq.com/formenergy
Fortreum,https://jobs.ashbyhq.com/fortreum
Forward Financing,https://jobs.ashbyhq.com/forward%20financing
Found,https://jobs.ashbyhq.com/found
Foundationhealthcareers,https://jobs.ashbyhq.com/foundationhealthcareers
Foundry For Good,https://jobs.ashbyhq.com/foundry-for-good
Fourtwothree,https://jobs.ashbyhq.com/fourtwothree
Foxglove,https://jobs.ashbyhq.com/foxglove
Fractional Ai,https://jobs.ashbyhq.com/fractional-ai
Freed,https://jobs.ashbyhq.com/freed
Freetrade,https://jobs.ashbyhq.com/freetrade
Freshpaint,https://jobs.ashbyhq.com/freshpaint
Frontcareers,https://jobs.ashbyhq.com/frontcareers
Fruitist,https://jobs.ashbyhq.com/fruitist
Fs Studio,https://jobs.ashbyhq.com/fs-studio
Fuel Cycle,https://jobs.ashbyhq.com/fuel-cycle
Fulcrum,https://jobs.ashbyhq.com/fulcrum
Fullstory,https://jobs.ashbyhq.com/fullstory
Fundamentalresearchlabs,https://jobs.ashbyhq.com/fundamentalresearchlabs
Fundwell,https://jobs.ashbyhq.com/fundwell
Furiosa Ai,https://jobs.ashbyhq.com/furiosa-ai
Further,https://jobs.ashbyhq.com/further
Furtherai,https://jobs.ashbyhq.com/furtherai
Fuse,https://jobs.ashbyhq.com/fuse
Fyxer,https://jobs.ashbyhq.com/fyxer
G2,https://jobs.ashbyhq.com/g2
G2I,https://jobs.ashbyhq.com/g2i
Gamechanger,https://jobs.ashbyhq.com/gamechanger
Garage,https://jobs.ashbyhq.com/garage
Gecko Robotics,https://jobs.ashbyhq.com/gecko-robotics
General Counsel Ai,https://jobs.ashbyhq.com/general-counsel-ai
Generalintelligencecompany,https://jobs.ashbyhq.com/generalintelligencecompany
Genesis Ai,https://jobs.ashbyhq.com/genesis-ai
Genmo,https://jobs.ashbyhq.com/genmo
Genomics,https://jobs.ashbyhq.com/genomics
Geoforce,https://jobs.ashbyhq.com/geoforce
Get Ivy,https://jobs.ashbyhq.com/get-ivy
Getground,https://jobs.ashbyhq.com/getground
Gigaml,https://jobs.ashbyhq.com/gigaml
Gimlet,https://jobs.ashbyhq.com/gimlet
Gitbook,https://jobs.ashbyhq.com/gitbook
Givebutter,https://jobs.ashbyhq.com/givebutter
Gladia,https://jobs.ashbyhq.com/gladia
Glide,https://jobs.ashbyhq.com/glide
Glomo,https://jobs.ashbyhq.com/glomo
Go Augment,https://jobs.ashbyhq.com/go-augment
Goanagram,https://jobs.ashbyhq.com/goanagram
Goodlord,https://jobs.ashbyhq.com/goodlord
Goodparty,https://jobs.ashbyhq.com/goodparty
Goodship,https://jobs.ashbyhq.com/goodship
Goodstack,https://jobs.ashbyhq.com/goodstack
Gorgias,https://jobs.ashbyhq.com/gorgias
Gotphoto,https://jobs.ashbyhq.com/gotphoto
Govdash,https://jobs.ashbyhq.com/govdash
Goventi,https://jobs.ashbyhq.com/goventi
Govsignals,https://jobs.ashbyhq.com/govsignals
Gptzero,https://jobs.ashbyhq.com/gptzero
Gradient Labs,https://jobs.ashbyhq.com/gradient-labs
Granola,https://jobs.ashbyhq.com/granola
Graphite,https://jobs.ashbyhq.com/graphite
Graphitehq,https://jobs.ashbyhq.com/graphitehq
Gravityclimate,https://jobs.ashbyhq.com/gravityclimate
Gravitysketch,https://jobs.ashbyhq.com/gravitysketch
Greatquestion,https://jobs.ashbyhq.com/greatquestion
Green Tree School And Services,https://jobs.ashbyhq.com/green-tree-school-and-services
Greenlite,https://jobs.ashbyhq.com/greenlite
Grepr,https://jobs.ashbyhq.com/grepr
Greptile,https://jobs.ashbyhq.com/greptile
Gridcare,https://jobs.ashbyhq.com/gridcare
Gridium,https://jobs.ashbyhq.com/gridium
Gridunity,https://jobs.ashbyhq.com/gridunity
Gridverify,https://jobs.ashbyhq.com/gridverify
Gridwise,https://jobs.ashbyhq.com/gridwise
Grindr Llc,https://jobs.ashbyhq.com/grindr%20llc
Growthtroops,https://jobs.ashbyhq.com/growthtroops
Growthx Ai,https://jobs.ashbyhq.com/growthx%20ai
Gruntwork,https://jobs.ashbyhq.com/gruntwork
Grvt,https://jobs.ashbyhq.com/grvt
Gt Hq,https://jobs.ashbyhq.com/gt-hq
Gumloop,https://jobs.ashbyhq.com/gumloop
H3X Technologies,https://jobs.ashbyhq.com/h3x-technologies
Hackerone,https://jobs.ashbyhq.com/hackerone
Hadrian Automation,https://jobs.ashbyhq.com/hadrian-automation
Halliday,https://jobs.ashbyhq.com/halliday
Handshake,https://jobs.ashbyhq.com/handshake
Handspring,https://jobs.ashbyhq.com/handspring
Hang,https://jobs.ashbyhq.com/hang
Happyrobot.Ai,https://jobs.ashbyhq.com/happyrobot.ai
Harmonic,https://jobs.ashbyhq.com/harmonic
Harperinsure,https://jobs.ashbyhq.com/harperinsure
Harvey,https://jobs.ashbyhq.com/harvey
Hatch,https://jobs.ashbyhq.com/hatch
Haus,https://jobs.ashbyhq.com/haus
Havocai,https://jobs.ashbyhq.com/havocai
Hawk,https://jobs.ashbyhq.com/hawk
Haydenai,https://jobs.ashbyhq.com/haydenai
Hcompany,https://jobs.ashbyhq.com/hcompany
Healnow,https://jobs.ashbyhq.com/healnow
Healthaxis,https://jobs.ashbyhq.com/healthaxis
Healthleap,https://jobs.ashbyhq.com/healthleap
Healthsherpa,https://jobs.ashbyhq.com/healthsherpa
Hedra,https://jobs.ashbyhq.com/hedra
Heidihealth.Com.Au,https://jobs.ashbyhq.com/heidihealth.com.au
Helius,https://jobs.ashbyhq.com/helius
Heliux,https://jobs.ashbyhq.com/heliux
Hellobrightline,https://jobs.ashbyhq.com/hellobrightline
Herojourneyclub,https://jobs.ashbyhq.com/herojourneyclub
Herondata,https://jobs.ashbyhq.com/herondata
Heyjobs,https://jobs.ashbyhq.com/heyjobs
Higharc,https://jobs.ashbyhq.com/higharc
Highbeam,https://jobs.ashbyhq.com/highbeam
Highlightta,https://jobs.ashbyhq.com/highlightta
Hiive,https://jobs.ashbyhq.com/hiive
Hims And Hers,https://jobs.ashbyhq.com/hims-and-hers
Hippocratic Ai,https://jobs.ashbyhq.com/hippocratic%20ai
Hitpayapp.Com,https://jobs.ashbyhq.com/hitpayapp.com
Hive.Co,https://jobs.ashbyhq.com/hive.co
Hiverge,https://jobs.ashbyhq.com/hiverge
Hiya,https://jobs.ashbyhq.com/hiya
Hockeystack,https://jobs.ashbyhq.com/hockeystack
Homebase,https://jobs.ashbyhq.com/homebase
Homebound,https://jobs.ashbyhq.com/homebound
Homera Health,https://jobs.ashbyhq.com/homera-health
Homevision,https://jobs.ashbyhq.com/homevision
Honey Homes,https://jobs.ashbyhq.com/honey%20homes
Honeydew,https://jobs.ashbyhq.com/honeydew
Hook,https://jobs.ashbyhq.com/hook
Hopae,https://jobs.ashbyhq.com/hopae
Hoplynk,https://jobs.ashbyhq.com/hoplynk
Hopper,https://jobs.ashbyhq.com/hopper
Horizon,https://jobs.ashbyhq.com/horizon
Horizon3Ai,https://jobs.ashbyhq.com/horizon3ai
Hospitalio,https://jobs.ashbyhq.com/hospitalio
Hotplate,https://jobs.ashbyhq.com/hotplate
Hud,https://jobs.ashbyhq.com/hud
Humaans,https://jobs.ashbyhq.com/humaans
Human,https://jobs.ashbyhq.com/human
Humatahealth,https://jobs.ashbyhq.com/humatahealth
Hutora,https://jobs.ashbyhq.com/hutora
Hyperbolic,https://jobs.ashbyhq.com/hyperbolic
Hyperbound,https://jobs.ashbyhq.com/hyperbound
Hyperexponential,https://jobs.ashbyhq.com/hyperexponential
Hyperliquid Labs,https://jobs.ashbyhq.com/hyperliquid%20labs
Iacollaborative,https://jobs.ashbyhq.com/iacollaborative
Iambic Therapeutics,https://jobs.ashbyhq.com/iambic-therapeutics
Ideals,https://jobs.ashbyhq.com/ideals
Ideogram,https://jobs.ashbyhq.com/ideogram
Illuin,https://jobs.ashbyhq.com/illuin
Illumio,https://jobs.ashbyhq.com/illumio
Immersivelabs,https://jobs.ashbyhq.com/immersivelabs
Imprint,https://jobs.ashbyhq.com/imprint
Improbable,https://jobs.ashbyhq.com/improbable
Impulse,https://jobs.ashbyhq.com/impulse
Inato,https://jobs.ashbyhq.com/inato
Inference,https://jobs.ashbyhq.com/inference
Infinity Constellation,https://jobs.ashbyhq.com/infinity-constellation
Infisical,https://jobs.ashbyhq.com/infisical
Influxdata,https://jobs.ashbyhq.com/influxdata
Infracost,https://jobs.ashbyhq.com/infracost
Inkeep,https://jobs.ashbyhq.com/inkeep
Insitro,https://jobs.ashbyhq.com/insitro
Intangible.Ai,https://jobs.ashbyhq.com/intangible.ai
Integrationapp,https://jobs.ashbyhq.com/integrationapp
Intellistack,https://jobs.ashbyhq.com/intellistack
Intentional Marketing,https://jobs.ashbyhq.com/intentional-marketing
Interaction,https://jobs.ashbyhq.com/interaction
Intology,https://jobs.ashbyhq.com/intology
Intro,https://jobs.ashbyhq.com/intro
Introzy,https://jobs.ashbyhq.com/introzy
Intus,https://jobs.ashbyhq.com/intus
Inversion Cap,https://jobs.ashbyhq.com/inversion-cap
Invert,https://jobs.ashbyhq.com/invert
Iodine Software,https://jobs.ashbyhq.com/iodine%20software
Ionlace,https://jobs.ashbyhq.com/ionlace
Ironcladhq,https://jobs.ashbyhq.com/ironcladhq
Italic,https://jobs.ashbyhq.com/italic
Iverify,https://jobs.ashbyhq.com/iverify
Iwoca.Co.Uk,https://jobs.ashbyhq.com/iwoca.co.uk
Iyo,https://jobs.ashbyhq.com/iyo
January,https://jobs.ashbyhq.com/january
Jasper Ai,https://jobs.ashbyhq.com/jasper%20ai
Jellyfish,https://jobs.ashbyhq.com/jellyfish
Jellyfishcareers,https://jobs.ashbyhq.com/jellyfishcareers
Jerry,https://jobs.ashbyhq.com/jerry
Jerry.Ai,https://jobs.ashbyhq.com/jerry.ai
Jimdo,https://jobs.ashbyhq.com/jimdo
Jimdo.Com,https://jobs.ashbyhq.com/jimdo.com
Jobber,https://jobs.ashbyhq.com/jobber
Join9Am,https://jobs.ashbyhq.com/join9am
Joinbetter,https://jobs.ashbyhq.com/joinbetter
Joinsherpa,https://jobs.ashbyhq.com/joinsherpa
Jointangelo,https://jobs.ashbyhq.com/jointangelo
Joko,https://jobs.ashbyhq.com/joko
Josys,https://jobs.ashbyhq.com/josys
Jua,https://jobs.ashbyhq.com/jua
Juicebox,https://jobs.ashbyhq.com/juicebox
Julius,https://jobs.ashbyhq.com/julius
Jump,https://jobs.ashbyhq.com/jump
Jump App,https://jobs.ashbyhq.com/jump-app
Junction,https://jobs.ashbyhq.com/junction
Junior,https://jobs.ashbyhq.com/junior
Junipersquare,https://jobs.ashbyhq.com/junipersquare
K Id,https://jobs.ashbyhq.com/k-id
Kaizenlabs,https://jobs.ashbyhq.com/kaizenlabs
Kalibri Labs,https://jobs.ashbyhq.com/kalibri-labs
Kalos,https://jobs.ashbyhq.com/kalos
Katana,https://jobs.ashbyhq.com/katana
Kayak,https://jobs.ashbyhq.com/kayak
Keeper,https://jobs.ashbyhq.com/keeper
Kernel,https://jobs.ashbyhq.com/kernel
Keyrock,https://jobs.ashbyhq.com/keyrock
Kikoff,https://jobs.ashbyhq.com/kikoff
Kiln.Fi,https://jobs.ashbyhq.com/kiln.fi
Kilocode,https://jobs.ashbyhq.com/kilocode
Kin,https://jobs.ashbyhq.com/kin
Kindred,https://jobs.ashbyhq.com/kindred
Kirin,https://jobs.ashbyhq.com/kirin
Kit,https://jobs.ashbyhq.com/kit
Kittl,https://jobs.ashbyhq.com/kittl
Klim,https://jobs.ashbyhq.com/klim
Knock,https://jobs.ashbyhq.com/knock
Knoetic,https://jobs.ashbyhq.com/knoetic
Knot,https://jobs.ashbyhq.com/knot
Knowledge Road,https://jobs.ashbyhq.com/knowledge-road
Known,https://jobs.ashbyhq.com/known
Knowunity,https://jobs.ashbyhq.com/knowunity
Kodex,https://jobs.ashbyhq.com/kodex
Kodifly,https://jobs.ashbyhq.com/kodifly
Kognitos,https://jobs.ashbyhq.com/kognitos
Kognity,https://jobs.ashbyhq.com/kognity
Koho,https://jobs.ashbyhq.com/koho
Kombo,https://jobs.ashbyhq.com/kombo
Kong,https://jobs.ashbyhq.com/kong
Konvu,https://jobs.ashbyhq.com/konvu
Kota,https://jobs.ashbyhq.com/kota
Kovo,https://jobs.ashbyhq.com/kovo
Kraken,https://jobs.ashbyhq.com/kraken
Kraken.Com,https://jobs.ashbyhq.com/kraken.com
Krea,https://jobs.ashbyhq.com/krea
Krew,https://jobs.ashbyhq.com/krew
Kustomer,https://jobs.ashbyhq.com/kustomer
Kyanhealth,https://jobs.ashbyhq.com/kyanhealth
Kyra,https://jobs.ashbyhq.com/kyra
Lambda,https://jobs.ashbyhq.com/lambda
Lanai,https://jobs.ashbyhq.com/lanai
Lancedb,https://jobs.ashbyhq.com/lancedb
Langchain,https://jobs.ashbyhq.com/langchain
Langdock,https://jobs.ashbyhq.com/langdock
Langfuse,https://jobs.ashbyhq.com/langfuse
Lap,https://jobs.ashbyhq.com/lap
Lark,https://jobs.ashbyhq.com/lark
Latamcent,https://jobs.ashbyhq.com/latamcent
Latitude,https://jobs.ashbyhq.com/latitude
Laurel,https://jobs.ashbyhq.com/laurel
Lawhive,https://jobs.ashbyhq.com/lawhive
Lazer,https://jobs.ashbyhq.com/lazer
Leantech,https://jobs.ashbyhq.com/leantech
Leantechniques,https://jobs.ashbyhq.com/leantechniques
Leapsome,https://jobs.ashbyhq.com/leapsome
Ledger,https://jobs.ashbyhq.com/ledger
Legionhealth,https://jobs.ashbyhq.com/legionhealth
Legora,https://jobs.ashbyhq.com/legora
Leland,https://jobs.ashbyhq.com/leland
Lemlist,https://jobs.ashbyhq.com/lemlist
Lendable,https://jobs.ashbyhq.com/lendable
Leona,https://jobs.ashbyhq.com/leona
Leonardo.Ai,https://jobs.ashbyhq.com/leonardo.ai
Letta,https://jobs.ashbyhq.com/letta
Levelpath,https://jobs.ashbyhq.com/levelpath
Lgads,https://jobs.ashbyhq.com/lgads
Li.Fi,https://jobs.ashbyhq.com/li.fi
Lido.Fi,https://jobs.ashbyhq.com/lido.fi
Lifelabs Learning,https://jobs.ashbyhq.com/lifelabs%20learning
Lightdash,https://jobs.ashbyhq.com/lightdash
Lightfield,https://jobs.ashbyhq.com/lightfield
Lightspark,https://jobs.ashbyhq.com/lightspark
Lilt,https://jobs.ashbyhq.com/lilt
Lilt Corporate,https://jobs.ashbyhq.com/lilt-corporate
Limble,https://jobs.ashbyhq.com/limble
Lime,https://jobs.ashbyhq.com/lime
Limitless,https://jobs.ashbyhq.com/limitless
Lindushealth,https://jobs.ashbyhq.com/lindushealth
Lindy,https://jobs.ashbyhq.com/lindy
Linera.Io,https://jobs.ashbyhq.com/linera.io
Liquid Ai,https://jobs.ashbyhq.com/liquid-ai
Listenlabs,https://jobs.ashbyhq.com/listenlabs
Liv Golf,https://jobs.ashbyhq.com/liv-golf
Liveflow,https://jobs.ashbyhq.com/liveflow
Livekit,https://jobs.ashbyhq.com/livekit
Livinghr,https://jobs.ashbyhq.com/livinghr
Llamaindex,https://jobs.ashbyhq.com/llamaindex
Lmarena,https://jobs.ashbyhq.com/lmarena
Loancrate,https://jobs.ashbyhq.com/loancrate
Loopio,https://jobs.ashbyhq.com/loopio
Lorikeet,https://jobs.ashbyhq.com/lorikeet
Lottie,https://jobs.ashbyhq.com/lottie
Lovable,https://jobs.ashbyhq.com/lovable
Loveholidays,https://jobs.ashbyhq.com/loveholidays
Lpadesignstudios,https://jobs.ashbyhq.com/lpadesignstudios
Lucidlink,https://jobs.ashbyhq.com/lucidlink
Lumbermanufactory,https://jobs.ashbyhq.com/lumbermanufactory
Luxor,https://jobs.ashbyhq.com/luxor
Lyra,https://jobs.ashbyhq.com/lyra
Lyric,https://jobs.ashbyhq.com/lyric
M Kopa,https://jobs.ashbyhq.com/m-kopa
M13,https://jobs.ashbyhq.com/m13
Mach,https://jobs.ashbyhq.com/mach
Mach9,https://jobs.ashbyhq.com/mach9
Machinify,https://jobs.ashbyhq.com/machinify
Macroscope,https://jobs.ashbyhq.com/macroscope
Madecard,https://jobs.ashbyhq.com/madecard
Madhive,https://jobs.ashbyhq.com/madhive
Magentic,https://jobs.ashbyhq.com/magentic
Magic.Dev,https://jobs.ashbyhq.com/magic.dev
Magical,https://jobs.ashbyhq.com/magical
Magiceden,https://jobs.ashbyhq.com/magiceden
Magicpatterns,https://jobs.ashbyhq.com/magicpatterns
Magicschool,https://jobs.ashbyhq.com/magicschool
Magnadigital,https://jobs.ashbyhq.com/magnadigital
Maincode,https://jobs.ashbyhq.com/maincode
Mainshares,https://jobs.ashbyhq.com/mainshares
Mainstay,https://jobs.ashbyhq.com/mainstay
Makai Labs,https://jobs.ashbyhq.com/makai-labs
Mandolin,https://jobs.ashbyhq.com/mandolin
Mangomint,https://jobs.ashbyhq.com/mangomint
Manifest Law,https://jobs.ashbyhq.com/manifest-law
Manusai,https://jobs.ashbyhq.com/manusai
Mapbox,https://jobs.ashbyhq.com/mapbox
Maple,https://jobs.ashbyhq.com/maple
Marathon Fusion,https://jobs.ashbyhq.com/marathon%20fusion
Marianaminerals,https://jobs.ashbyhq.com/marianaminerals
Markarch,https://jobs.ashbyhq.com/markarch
Marshmallow,https://jobs.ashbyhq.com/marshmallow
Masabi,https://jobs.ashbyhq.com/masabi
Materialsecurity,https://jobs.ashbyhq.com/materialsecurity
Maticrobots,https://jobs.ashbyhq.com/maticrobots
Maven Agi,https://jobs.ashbyhq.com/maven-agi
Maxima,https://jobs.ashbyhq.com/maxima
Maximustribe,https://jobs.ashbyhq.com/maximustribe
Maxrewards,https://jobs.ashbyhq.com/maxrewards
Maybern,https://jobs.ashbyhq.com/maybern
Mazedesign,https://jobs.ashbyhq.com/mazedesign
Mazehq,https://jobs.ashbyhq.com/mazehq
Mdcalc,https://jobs.ashbyhq.com/mdcalc
Meadowmemorials,https://jobs.ashbyhq.com/meadowmemorials
Mechanize,https://jobs.ashbyhq.com/mechanize
Medal,https://jobs.ashbyhq.com/medal
Medely,https://jobs.ashbyhq.com/medely
Media Mogul,https://jobs.ashbyhq.com/media-mogul
Medraai,https://jobs.ashbyhq.com/medraai
Medsender,https://jobs.ashbyhq.com/medsender
Melotech,https://jobs.ashbyhq.com/melotech
Mem0,https://jobs.ashbyhq.com/mem0
Menlosecurity,https://jobs.ashbyhq.com/menlosecurity
Mentis,https://jobs.ashbyhq.com/mentis
Mercor,https://jobs.ashbyhq.com/mercor
Meridianlink,https://jobs.ashbyhq.com/meridianlink
Metaforms,https://jobs.ashbyhq.com/metaforms
Metalenz,https://jobs.ashbyhq.com/metalenz
Metaview,https://jobs.ashbyhq.com/metaview
Meter,https://jobs.ashbyhq.com/meter
Method,https://jobs.ashbyhq.com/method
Meticulous,https://jobs.ashbyhq.com/meticulous
Middesk,https://jobs.ashbyhq.com/middesk
Migaku,https://jobs.ashbyhq.com/migaku
Mimica,https://jobs.ashbyhq.com/mimica
Minerva Ai,https://jobs.ashbyhq.com/minerva-ai
Mintlify,https://jobs.ashbyhq.com/mintlify
Mirage,https://jobs.ashbyhq.com/mirage
Miter,https://jobs.ashbyhq.com/miter
Moab,https://jobs.ashbyhq.com/moab
Mobbin,https://jobs.ashbyhq.com/mobbin
Mobbin.Com,https://jobs.ashbyhq.com/mobbin.com
Mobilefirst,https://jobs.ashbyhq.com/mobilefirst
Modal,https://jobs.ashbyhq.com/modal
Modernfi,https://jobs.ashbyhq.com/modernfi
Moego,https://jobs.ashbyhq.com/moego
Molecule Software,https://jobs.ashbyhq.com/molecule-software
Mollie,https://jobs.ashbyhq.com/mollie
Momentic,https://jobs.ashbyhq.com/momentic
Momentum.Io,https://jobs.ashbyhq.com/momentum.io
Monad,https://jobs.ashbyhq.com/monad
Monad.Foundation,https://jobs.ashbyhq.com/monad.foundation
Monarchcrops,https://jobs.ashbyhq.com/monarchcrops
Monarchmoney,https://jobs.ashbyhq.com/monarchmoney
Mondoo,https://jobs.ashbyhq.com/mondoo
Monq,https://jobs.ashbyhq.com/monq
Montecarlodata,https://jobs.ashbyhq.com/montecarlodata
Montu Uk,https://jobs.ashbyhq.com/montu-uk
Monumental,https://jobs.ashbyhq.com/monumental
Moonlake,https://jobs.ashbyhq.com/moonlake
Moonshot Ai,https://jobs.ashbyhq.com/moonshot-ai
Moonvalley Ai,https://jobs.ashbyhq.com/moonvalley-ai
Mosey,https://jobs.ashbyhq.com/mosey
Moss,https://jobs.ashbyhq.com/moss
Motherduck,https://jobs.ashbyhq.com/motherduck
Motion,https://jobs.ashbyhq.com/motion
Motorway,https://jobs.ashbyhq.com/motorway
Moxie,https://jobs.ashbyhq.com/moxie
Msquared,https://jobs.ashbyhq.com/msquared
Mubi,https://jobs.ashbyhq.com/mubi
Mudflap,https://jobs.ashbyhq.com/mudflap
Multiply,https://jobs.ashbyhq.com/multiply
Multiverse,https://jobs.ashbyhq.com/multiverse
Mural,https://jobs.ashbyhq.com/mural
Myedspacecareers,https://jobs.ashbyhq.com/myedspacecareers
Mystenlabs,https://jobs.ashbyhq.com/mystenlabs
Mytomorrows,https://jobs.ashbyhq.com/mytomorrows
N1,https://jobs.ashbyhq.com/n1
N8N,https://jobs.ashbyhq.com/n8n
Nabihealth,https://jobs.ashbyhq.com/nabihealth
Nabla,https://jobs.ashbyhq.com/nabla
Nabucasa,https://jobs.ashbyhq.com/nabucasa
Nango,https://jobs.ashbyhq.com/nango
Nash,https://jobs.ashbyhq.com/nash
Nationgraph,https://jobs.ashbyhq.com/nationgraph
Neara,https://jobs.ashbyhq.com/neara
Nectar Social,https://jobs.ashbyhq.com/nectar-social
Nelo,https://jobs.ashbyhq.com/nelo
Nen Creative,https://jobs.ashbyhq.com/nen-creative
Neofinancial,https://jobs.ashbyhq.com/neofinancial
Neon,https://jobs.ashbyhq.com/neon
Neotaste,https://jobs.ashbyhq.com/neotaste
Nerdwallet,https://jobs.ashbyhq.com/nerdwallet
Nest Health,https://jobs.ashbyhq.com/nest-health
Nestveterinary,https://jobs.ashbyhq.com/nestveterinary
Netboxlabs,https://jobs.ashbyhq.com/netboxlabs
Netgear,https://jobs.ashbyhq.com/netgear
Nethermind,https://jobs.ashbyhq.com/nethermind
Netic,https://jobs.ashbyhq.com/netic
Netwealth,https://jobs.ashbyhq.com/netwealth
Nevoya,https://jobs.ashbyhq.com/nevoya
Newfront,https://jobs.ashbyhq.com/newfront
Neworbit,https://jobs.ashbyhq.com/neworbit
Nextdata,https://jobs.ashbyhq.com/nextdata
Nextlinklabs,https://jobs.ashbyhq.com/nextlinklabs
Nextpatient,https://jobs.ashbyhq.com/nextpatient
Nexus,https://jobs.ashbyhq.com/nexus
Nexus Marketing,https://jobs.ashbyhq.com/nexus-marketing
Nexus.Xyz,https://jobs.ashbyhq.com/nexus.xyz
Ninjatech.Ai,https://jobs.ashbyhq.com/ninjatech.ai
Niramedical,https://jobs.ashbyhq.com/niramedical
Nirvana,https://jobs.ashbyhq.com/nirvana
Nivoda,https://jobs.ashbyhq.com/nivoda
Noetica,https://jobs.ashbyhq.com/noetica
Noise Labs,https://jobs.ashbyhq.com/noise-labs
Nomic,https://jobs.ashbyhq.com/nomic
Nooks,https://jobs.ashbyhq.com/nooks
Norm Ai,https://jobs.ashbyhq.com/norm-ai
Normal Computing Ai,https://jobs.ashbyhq.com/normal%20computing%20ai
Northslope Technologies,https://jobs.ashbyhq.com/northslope-technologies
Northwoodspace,https://jobs.ashbyhq.com/northwoodspace
Nory,https://jobs.ashbyhq.com/nory
Notabene,https://jobs.ashbyhq.com/notabene
Notable,https://jobs.ashbyhq.com/notable
Notion,https://jobs.ashbyhq.com/notion
Novo,https://jobs.ashbyhq.com/novo
Nucleus,https://jobs.ashbyhq.com/nucleus
Numeral,https://jobs.ashbyhq.com/numeral
Numeric,https://jobs.ashbyhq.com/numeric
Numerixs Quant,https://jobs.ashbyhq.com/numerixs-quant
Nuna,https://jobs.ashbyhq.com/nuna
Observeinc,https://jobs.ashbyhq.com/observeinc
Obviant,https://jobs.ashbyhq.com/obviant
Obvious,https://jobs.ashbyhq.com/obvious
Oden Technologies,https://jobs.ashbyhq.com/oden-technologies
Odyssey,https://jobs.ashbyhq.com/odyssey
Offdeal,https://jobs.ashbyhq.com/offdeal
Offset8Capital,https://jobs.ashbyhq.com/offset8capital
Offstream,https://jobs.ashbyhq.com/offstream
Oh,https://jobs.ashbyhq.com/oh
Old Well Labs,https://jobs.ashbyhq.com/old-well-labs
Olive,https://jobs.ashbyhq.com/olive
Omafertility,https://jobs.ashbyhq.com/omafertility
Omi,https://jobs.ashbyhq.com/omi
Omnea,https://jobs.ashbyhq.com/omnea
Omni,https://jobs.ashbyhq.com/omni
Omniscient,https://jobs.ashbyhq.com/omniscient
Ona,https://jobs.ashbyhq.com/ona
One Pass Solutions,https://jobs.ashbyhq.com/one-pass-solutions
Oneapp,https://jobs.ashbyhq.com/oneapp
Onebrief,https://jobs.ashbyhq.com/onebrief
Onehealth,https://jobs.ashbyhq.com/onehealth
Oneschema,https://jobs.ashbyhq.com/oneschema
Onoshealth,https://jobs.ashbyhq.com/onoshealth
Ontic,https://jobs.ashbyhq.com/ontic
Ontologize,https://jobs.ashbyhq.com/ontologize
Openai,https://jobs.ashbyhq.com/openai
Opengov,https://jobs.ashbyhq.com/opengov
Openhomefoundation,https://jobs.ashbyhq.com/openhomefoundation
Openphilanthropy,https://jobs.ashbyhq.com/openphilanthropy
Openrouter,https://jobs.ashbyhq.com/openrouter
Oplabs,https://jobs.ashbyhq.com/oplabs
Optery,https://jobs.ashbyhq.com/optery
Optimum,https://jobs.ashbyhq.com/optimum
Opusclip,https://jobs.ashbyhq.com/opusclip
Orb,https://jobs.ashbyhq.com/orb
Orbit,https://jobs.ashbyhq.com/orbit
Orbitalmaterials,https://jobs.ashbyhq.com/orbitalmaterials
Orca,https://jobs.ashbyhq.com/orca
Orchard,https://jobs.ashbyhq.com/orchard
Orita,https://jobs.ashbyhq.com/orita
Orum,https://jobs.ashbyhq.com/orum
Oscilar,https://jobs.ashbyhq.com/oscilar
Osmo,https://jobs.ashbyhq.com/osmo
Oso,https://jobs.ashbyhq.com/oso
Oumi,https://jobs.ashbyhq.com/oumi
Ourritual,https://jobs.ashbyhq.com/ourritual
Outset,https://jobs.ashbyhq.com/outset
Oxio,https://jobs.ashbyhq.com/oxio
Ozone,https://jobs.ashbyhq.com/ozone
P2P.Org,https://jobs.ashbyhq.com/p2p.org
Paceloangroup,https://jobs.ashbyhq.com/paceloangroup
Pacificfusion,https://jobs.ashbyhq.com/pacificfusion
Paddle,https://jobs.ashbyhq.com/paddle
Padlet,https://jobs.ashbyhq.com/padlet
Palladio,https://jobs.ashbyhq.com/palladio
Pallon.Com,https://jobs.ashbyhq.com/pallon.com
Palmstreet,https://jobs.ashbyhq.com/palmstreet
Panoptyc,https://jobs.ashbyhq.com/panoptyc
Panther Life Sciences,https://jobs.ashbyhq.com/panther-life-sciences
Par Technology,https://jobs.ashbyhq.com/par%20technology
Paradigm,https://jobs.ashbyhq.com/paradigm
Parafin,https://jobs.ashbyhq.com/parafin
Paraform,https://jobs.ashbyhq.com/paraform
Parallel,https://jobs.ashbyhq.com/parallel
Parallel Fluidics,https://jobs.ashbyhq.com/parallel-fluidics
Pareto Ai,https://jobs.ashbyhq.com/pareto-ai
Parity,https://jobs.ashbyhq.com/parity
Pariveda,https://jobs.ashbyhq.com/pariveda
Parspec,https://jobs.ashbyhq.com/parspec
Partiful,https://jobs.ashbyhq.com/partiful
Partsbase,https://jobs.ashbyhq.com/partsbase
Passthrough,https://jobs.ashbyhq.com/passthrough
Patreon,https://jobs.ashbyhq.com/patreon
Pawp,https://jobs.ashbyhq.com/pawp
Payrails,https://jobs.ashbyhq.com/payrails
Pear,https://jobs.ashbyhq.com/pear
Pearlhealth,https://jobs.ashbyhq.com/pearlhealth
Peec,https://jobs.ashbyhq.com/peec
Peek,https://jobs.ashbyhq.com/peek
People Data Labs,https://jobs.ashbyhq.com/people-data-labs
Peppr,https://jobs.ashbyhq.com/peppr
Percepta,https://jobs.ashbyhq.com/percepta
Perchwell,https://jobs.ashbyhq.com/perchwell
Percona,https://jobs.ashbyhq.com/percona
Periodic Labs,https://jobs.ashbyhq.com/periodic-labs
Permitflow,https://jobs.ashbyhq.com/permitflow
Perplexity,https://jobs.ashbyhq.com/perplexity
Personainc,https://jobs.ashbyhq.com/personainc
Personainc.Ai,https://jobs.ashbyhq.com/personainc.ai
Phantom,https://jobs.ashbyhq.com/phantom
Phare,https://jobs.ashbyhq.com/phare
Phil,https://jobs.ashbyhq.com/phil
Phoebe,https://jobs.ashbyhq.com/phoebe
Phoenix,https://jobs.ashbyhq.com/phoenix
Photoroom,https://jobs.ashbyhq.com/photoroom
Phylax,https://jobs.ashbyhq.com/phylax
Physicalintelligence,https://jobs.ashbyhq.com/physicalintelligence
Pika,https://jobs.ashbyhq.com/pika
Pirros,https://jobs.ashbyhq.com/pirros
Pivot,https://jobs.ashbyhq.com/pivot
Plain,https://jobs.ashbyhq.com/plain
Plane,https://jobs.ashbyhq.com/plane
Planera,https://jobs.ashbyhq.com/planera
Plasma,https://jobs.ashbyhq.com/plasma
Plasmidsaurus,https://jobs.ashbyhq.com/plasmidsaurus
Plaud,https://jobs.ashbyhq.com/plaud
Playground,https://jobs.ashbyhq.com/playground
Playpowerlabs,https://jobs.ashbyhq.com/playpowerlabs
Playson,https://jobs.ashbyhq.com/playson
Plots,https://jobs.ashbyhq.com/plots
Plume Network,https://jobs.ashbyhq.com/plume-network
Pluralfinance,https://jobs.ashbyhq.com/pluralfinance
Pluralis Research,https://jobs.ashbyhq.com/pluralis-research
Podium Automation,https://jobs.ashbyhq.com/podium-automation
Polar,https://jobs.ashbyhq.com/polar
Polaranalytics,https://jobs.ashbyhq.com/polaranalytics
Polarsteps,https://jobs.ashbyhq.com/polarsteps
Poliigon,https://jobs.ashbyhq.com/poliigon
Polygon Labs,https://jobs.ashbyhq.com/polygon-labs
Polymarket,https://jobs.ashbyhq.com/polymarket
Popl,https://jobs.ashbyhq.com/popl
Posh Ai,https://jobs.ashbyhq.com/posh-ai
Posthog,https://jobs.ashbyhq.com/posthog
Pplwise,https://jobs.ashbyhq.com/pplwise
Praxipal,https://jobs.ashbyhq.com/praxipal
Prelim,https://jobs.ashbyhq.com/prelim
Prelude,https://jobs.ashbyhq.com/prelude
Preludesecurity,https://jobs.ashbyhq.com/preludesecurity
Primary,https://jobs.ashbyhq.com/primary
Primeintellect,https://jobs.ashbyhq.com/primeintellect
Primer,https://jobs.ashbyhq.com/primer
Primer.Io,https://jobs.ashbyhq.com/primer.io
Prior Labs,https://jobs.ashbyhq.com/prior-labs
Probablygenetic,https://jobs.ashbyhq.com/probablygenetic
Procurementsciences,https://jobs.ashbyhq.com/procurementsciences
Procurif,https://jobs.ashbyhq.com/procurif
Procurify,https://jobs.ashbyhq.com/procurify
Prodigy Education,https://jobs.ashbyhq.com/prodigy-education
Product Now,https://jobs.ashbyhq.com/product-now
Profound,https://jobs.ashbyhq.com/profound
Promise,https://jobs.ashbyhq.com/promise
Prompt,https://jobs.ashbyhq.com/prompt
Promptfoo,https://jobs.ashbyhq.com/promptfoo
Propelus,https://jobs.ashbyhq.com/propelus
Prophet Security,https://jobs.ashbyhq.com/prophet-security
Prorata,https://jobs.ashbyhq.com/prorata
Protege,https://jobs.ashbyhq.com/protege
Protegrity,https://jobs.ashbyhq.com/protegrity
Protex Ai,https://jobs.ashbyhq.com/protex%20ai
Provable,https://jobs.ashbyhq.com/provable
Provision,https://jobs.ashbyhq.com/provision
Provision Software Corporation,https://jobs.ashbyhq.com/provision%20software%20corporation
Proxima Fusion,https://jobs.ashbyhq.com/proxima-fusion
Publiccloudgroup,https://jobs.ashbyhq.com/publiccloudgroup
Puzzle.Io,https://jobs.ashbyhq.com/puzzle.io
Pylon,https://jobs.ashbyhq.com/pylon
Pylon Labs,https://jobs.ashbyhq.com/pylon-labs
Qawolf,https://jobs.ashbyhq.com/qawolf
Qih Group,https://jobs.ashbyhq.com/qih-group
Qualified,https://jobs.ashbyhq.com/qualified
Quant Aq,https://jobs.ashbyhq.com/quant-aq
Quantstamp,https://jobs.ashbyhq.com/quantstamp
Quarks Tech,https://jobs.ashbyhq.com/quarks-tech
Quartermaster,https://jobs.ashbyhq.com/quartermaster
Quicknode,https://jobs.ashbyhq.com/quicknode
Quintess Ai,https://jobs.ashbyhq.com/quintess-ai
Quora,https://jobs.ashbyhq.com/quora
Quotewell,https://jobs.ashbyhq.com/quotewell
Qwilr,https://jobs.ashbyhq.com/qwilr
Radai,https://jobs.ashbyhq.com/radai
Raiku,https://jobs.ashbyhq.com/raiku
Rain,https://jobs.ashbyhq.com/rain
Rainforest Pay,https://jobs.ashbyhq.com/rainforest-pay
Ramp,https://jobs.ashbyhq.com/ramp
Range,https://jobs.ashbyhq.com/range
Raspberry,https://jobs.ashbyhq.com/raspberry
Ravio,https://jobs.ashbyhq.com/ravio
Reach,https://jobs.ashbyhq.com/reach
Reacher,https://jobs.ashbyhq.com/reacher
Read Ai,https://jobs.ashbyhq.com/read-ai
Readme,https://jobs.ashbyhq.com/readme
Real,https://jobs.ashbyhq.com/real
Realitydefender,https://jobs.ashbyhq.com/realitydefender
Realmalliance,https://jobs.ashbyhq.com/realmalliance
Recraft,https://jobs.ashbyhq.com/recraft
Redesign Health,https://jobs.ashbyhq.com/redesign%20health
Reducto,https://jobs.ashbyhq.com/reducto
Reedsy,https://jobs.ashbyhq.com/reedsy
Reevo,https://jobs.ashbyhq.com/reevo
Reflect Orbital,https://jobs.ashbyhq.com/reflect-orbital
Reflectionai,https://jobs.ashbyhq.com/reflectionai
Reflexrobotics,https://jobs.ashbyhq.com/reflexrobotics
Reframesystems,https://jobs.ashbyhq.com/reframesystems
Regent,https://jobs.ashbyhq.com/regent
Reka,https://jobs.ashbyhq.com/reka
Reklamehealth,https://jobs.ashbyhq.com/reklamehealth
Relationrx,https://jobs.ashbyhq.com/relationrx
Relay,https://jobs.ashbyhq.com/relay
Relayfi,https://jobs.ashbyhq.com/relayfi
Relayprotocol,https://jobs.ashbyhq.com/relayprotocol
Relevanceai,https://jobs.ashbyhq.com/relevanceai
Remarcable Inc,https://jobs.ashbyhq.com/remarcable-inc
Remilia,https://jobs.ashbyhq.com/remilia
Render,https://jobs.ashbyhq.com/render
Renuity,https://jobs.ashbyhq.com/renuity
Reonic,https://jobs.ashbyhq.com/reonic
Replicant,https://jobs.ashbyhq.com/replicant
Replicated,https://jobs.ashbyhq.com/replicated
Replit,https://jobs.ashbyhq.com/replit
Replo,https://jobs.ashbyhq.com/replo
Reprally,https://jobs.ashbyhq.com/reprally
Rescale,https://jobs.ashbyhq.com/rescale
Resend,https://jobs.ashbyhq.com/resend
Resolve Ai,https://jobs.ashbyhq.com/resolve%20ai
Restream,https://jobs.ashbyhq.com/restream
Retell Ai,https://jobs.ashbyhq.com/retell-ai
Rev,https://jobs.ashbyhq.com/rev
Revenuecat,https://jobs.ashbyhq.com/revenuecat
Revic,https://jobs.ashbyhq.com/revic
Reviserobotics,https://jobs.ashbyhq.com/reviserobotics
Rewind,https://jobs.ashbyhq.com/rewind
Rewst,https://jobs.ashbyhq.com/rewst
Rf Labs,https://jobs.ashbyhq.com/rf-labs
Rho,https://jobs.ashbyhq.com/rho
Ribbon Ai,https://jobs.ashbyhq.com/ribbon-ai
Ridealso,https://jobs.ashbyhq.com/ridealso
Rilla,https://jobs.ashbyhq.com/rilla
Rillet,https://jobs.ashbyhq.com/rillet
Risczero,https://jobs.ashbyhq.com/risczero
Risklabs,https://jobs.ashbyhq.com/risklabs
River,https://jobs.ashbyhq.com/river
Rivermont Schools,https://jobs.ashbyhq.com/rivermont-schools
Riveron,https://jobs.ashbyhq.com/riveron
Riza,https://jobs.ashbyhq.com/riza
Rnrs.Solutions,https://jobs.ashbyhq.com/rnrs.solutions
Roadsurfer.Com,https://jobs.ashbyhq.com/roadsurfer.com
Robin Ai,https://jobs.ashbyhq.com/robin-ai
Roboflow,https://jobs.ashbyhq.com/roboflow
Rockerbox,https://jobs.ashbyhq.com/rockerbox
Rogo,https://jobs.ashbyhq.com/rogo
Rohlik,https://jobs.ashbyhq.com/rohlik
Roo Code,https://jobs.ashbyhq.com/roo-code
Roompricegenie,https://jobs.ashbyhq.com/roompricegenie
Root Access,https://jobs.ashbyhq.com/root-access
Rose Rocket,https://jobs.ashbyhq.com/rose%20rocket
Rossum.Ai,https://jobs.ashbyhq.com/rossum.ai
Rothys,https://jobs.ashbyhq.com/rothys
Rox Data Corp,https://jobs.ashbyhq.com/rox-data-corp
Ruby Labs,https://jobs.ashbyhq.com/ruby-labs
Rula,https://jobs.ashbyhq.com/rula
Runa,https://jobs.ashbyhq.com/runa
Rundoo,https://jobs.ashbyhq.com/rundoo
Runetech,https://jobs.ashbyhq.com/runetech
Rye,https://jobs.ashbyhq.com/rye
Rythm,https://jobs.ashbyhq.com/rythm
Safe.Global,https://jobs.ashbyhq.com/safe.global
Safelease,https://jobs.ashbyhq.com/safelease
Sagelabs.Ai,https://jobs.ashbyhq.com/sagelabs.ai
Sahara,https://jobs.ashbyhq.com/sahara
Sailorhealth,https://jobs.ashbyhq.com/sailorhealth
Salesape Ai,https://jobs.ashbyhq.com/salesape-ai
Salesforce,https://jobs.ashbyhq.com/salesforce
Salespatriot,https://jobs.ashbyhq.com/salespatriot
Salient,https://jobs.ashbyhq.com/salient
Salonkee,https://jobs.ashbyhq.com/salonkee
Sana Roles,https://jobs.ashbyhq.com/sana-roles
Sanity,https://jobs.ashbyhq.com/sanity
Sardine,https://jobs.ashbyhq.com/sardine
Saris Ai,https://jobs.ashbyhq.com/saris-ai
Satispay,https://jobs.ashbyhq.com/satispay
Savvy,https://jobs.ashbyhq.com/savvy
Scale,https://jobs.ashbyhq.com/scale
Scale Army Careers,https://jobs.ashbyhq.com/scale%20army%20careers
Scalemath,https://jobs.ashbyhq.com/scalemath
Schoolhouse World,https://jobs.ashbyhq.com/schoolhouse-world
Sciemo,https://jobs.ashbyhq.com/sciemo
Screenverse,https://jobs.ashbyhq.com/screenverse
Scribd,https://jobs.ashbyhq.com/scribd
Scribe,https://jobs.ashbyhq.com/scribe
Scrunch Ai,https://jobs.ashbyhq.com/scrunch-ai
Sealed,https://jobs.ashbyhq.com/sealed
Seamflow,https://jobs.ashbyhq.com/seamflow
Searchstax,https://jobs.ashbyhq.com/searchstax
Seccl,https://jobs.ashbyhq.com/seccl
Secfix,https://jobs.ashbyhq.com/secfix
Secoda,https://jobs.ashbyhq.com/secoda
Second Front Systems,https://jobs.ashbyhq.com/second-front-systems
Second Nature,https://jobs.ashbyhq.com/second-nature
Seconddinner,https://jobs.ashbyhq.com/seconddinner
Seifoundation,https://jobs.ashbyhq.com/seifoundation
Sellfire,https://jobs.ashbyhq.com/sellfire
Semperis,https://jobs.ashbyhq.com/semperis
Sentient,https://jobs.ashbyhq.com/sentient
Sentilink,https://jobs.ashbyhq.com/sentilink
Sentry,https://jobs.ashbyhq.com/sentry
Seqera.Io,https://jobs.ashbyhq.com/seqera.io
Sequence,https://jobs.ashbyhq.com/sequence
Sereact,https://jobs.ashbyhq.com/sereact
Serif,https://jobs.ashbyhq.com/serif
Serverobotics,https://jobs.ashbyhq.com/serverobotics
Sesame,https://jobs.ashbyhq.com/sesame
Sewer Ai,https://jobs.ashbyhq.com/sewer-ai
Sfcompute,https://jobs.ashbyhq.com/sfcompute
Sharp Performance,https://jobs.ashbyhq.com/sharp%20performance
Shiftkey,https://jobs.ashbyhq.com/shiftkey
Shortstory,https://jobs.ashbyhq.com/shortstory
Siena,https://jobs.ashbyhq.com/siena
Sierra,https://jobs.ashbyhq.com/sierra
Sierra Studio,https://jobs.ashbyhq.com/sierra-studio
Sieve,https://jobs.ashbyhq.com/sieve
Sift,https://jobs.ashbyhq.com/sift
Siftstack,https://jobs.ashbyhq.com/siftstack
Signal Ai,https://jobs.ashbyhq.com/signal-ai
Signalwire,https://jobs.ashbyhq.com/signalwire
Signoz,https://jobs.ashbyhq.com/signoz
Silktide,https://jobs.ashbyhq.com/silktide
Silnahealth.Com,https://jobs.ashbyhq.com/silnahealth.com
Silver,https://jobs.ashbyhq.com/silver
Simular,https://jobs.ashbyhq.com/simular
Siro,https://jobs.ashbyhq.com/siro
Sisu,https://jobs.ashbyhq.com/sisu
Sitemate,https://jobs.ashbyhq.com/sitemate
Siteminder,https://jobs.ashbyhq.com/siteminder
Skimmer,https://jobs.ashbyhq.com/skimmer
Skydropx,https://jobs.ashbyhq.com/skydropx
Skymavis,https://jobs.ashbyhq.com/skymavis
Slash Financial,https://jobs.ashbyhq.com/slash-financial
Sleeper,https://jobs.ashbyhq.com/sleeper
Slingshotai,https://jobs.ashbyhq.com/slingshotai
Slope,https://jobs.ashbyhq.com/slope
Smallpdf,https://jobs.ashbyhq.com/smallpdf
Smalls,https://jobs.ashbyhq.com/smalls
Smallstep,https://jobs.ashbyhq.com/smallstep
Smith Engineering,https://jobs.ashbyhq.com/smith-engineering
Snowball,https://jobs.ashbyhq.com/snowball
Socket,https://jobs.ashbyhq.com/socket
Socure,https://jobs.ashbyhq.com/socure
Softlight,https://jobs.ashbyhq.com/softlight
Sola,https://jobs.ashbyhq.com/sola
Solace,https://jobs.ashbyhq.com/solace
Solana Foundation,https://jobs.ashbyhq.com/solana%20foundation
Solcoa,https://jobs.ashbyhq.com/solcoa
Solva,https://jobs.ashbyhq.com/solva
Solvd,https://jobs.ashbyhq.com/solvd
Somnia,https://jobs.ashbyhq.com/somnia
Sona,https://jobs.ashbyhq.com/sona
Sonio,https://jobs.ashbyhq.com/sonio
Sorare,https://jobs.ashbyhq.com/sorare
Sorcerer,https://jobs.ashbyhq.com/sorcerer
Southgeeks,https://jobs.ashbyhq.com/southgeeks
Spacecurve,https://jobs.ashbyhq.com/spacecurve
Spaice Tech,https://jobs.ashbyhq.com/spaice-tech
Span,https://jobs.ashbyhq.com/span
Spark Networks,https://jobs.ashbyhq.com/spark-networks
Speak,https://jobs.ashbyhq.com/speak
Speakeasy,https://jobs.ashbyhq.com/speakeasy
Spearbit,https://jobs.ashbyhq.com/spearbit
Speckle,https://jobs.ashbyhq.com/speckle
Specter,https://jobs.ashbyhq.com/specter
Spellbrush,https://jobs.ashbyhq.com/spellbrush
Spexi,https://jobs.ashbyhq.com/spexi
Splitmetrics,https://jobs.ashbyhq.com/splitmetrics
Sprig,https://jobs.ashbyhq.com/sprig
Springandbond,https://jobs.ashbyhq.com/springandbond
Squads,https://jobs.ashbyhq.com/squads
Squarepeg,https://jobs.ashbyhq.com/squarepeg
Squint.Ai,https://jobs.ashbyhq.com/squint.ai
St Labs,https://jobs.ashbyhq.com/st-labs
Stack Ai,https://jobs.ashbyhq.com/stack-ai
Stackone,https://jobs.ashbyhq.com/stackone
Stacks,https://jobs.ashbyhq.com/stacks
Stainlessapi,https://jobs.ashbyhq.com/stainlessapi
Standardfleet,https://jobs.ashbyhq.com/standardfleet
Standinsurance,https://jobs.ashbyhq.com/standinsurance
Starbridge,https://jobs.ashbyhq.com/starbridge
Statista,https://jobs.ashbyhq.com/statista
Statsig,https://jobs.ashbyhq.com/statsig
Stay22,https://jobs.ashbyhq.com/stay22
Steadily,https://jobs.ashbyhq.com/steadily
Stedi,https://jobs.ashbyhq.com/stedi
Stellic,https://jobs.ashbyhq.com/stellic
Stepful,https://jobs.ashbyhq.com/stepful
Stickermule,https://jobs.ashbyhq.com/stickermule
Stotles.Com,https://jobs.ashbyhq.com/stotles.com
Strala Ai,https://jobs.ashbyhq.com/strala-ai
Strategic Growth Partners,https://jobs.ashbyhq.com/strategic-growth-partners
Stream,https://jobs.ashbyhq.com/stream
Strongdm,https://jobs.ashbyhq.com/strongdm
Stronghold,https://jobs.ashbyhq.com/stronghold
Stuut Ai,https://jobs.ashbyhq.com/stuut-ai
Stytch,https://jobs.ashbyhq.com/stytch
Sublime Security,https://jobs.ashbyhq.com/sublime-security
Substack,https://jobs.ashbyhq.com/substack
Succinct,https://jobs.ashbyhq.com/succinct
Sully Ai,https://jobs.ashbyhq.com/sully-ai
Summation,https://jobs.ashbyhq.com/summation
Suno,https://jobs.ashbyhq.com/suno
Sunrise,https://jobs.ashbyhq.com/sunrise
Supabase,https://jobs.ashbyhq.com/supabase
Superdial,https://jobs.ashbyhq.com/superdial
Superduper,https://jobs.ashbyhq.com/superduper
Superhuman,https://jobs.ashbyhq.com/superhuman
Superpower,https://jobs.ashbyhq.com/superpower
Surreal,https://jobs.ashbyhq.com/surreal
Suzy,https://jobs.ashbyhq.com/suzy
Svix,https://jobs.ashbyhq.com/svix
Swans,https://jobs.ashbyhq.com/swans
Sweedpos.Com,https://jobs.ashbyhq.com/sweedpos.com
Sweep,https://jobs.ashbyhq.com/sweep
Switchboard Hiring,https://jobs.ashbyhq.com/switchboard-hiring
Sydecar,https://jobs.ashbyhq.com/sydecar
Symbiotic,https://jobs.ashbyhq.com/symbiotic
Sync.So,https://jobs.ashbyhq.com/sync.so
Syndica,https://jobs.ashbyhq.com/syndica
Synergy Pet Group,https://jobs.ashbyhq.com/synergy%20pet%20group
Synonym,https://jobs.ashbyhq.com/synonym
Synquery,https://jobs.ashbyhq.com/synquery
Synthflow,https://jobs.ashbyhq.com/synthflow
T Robotics,https://jobs.ashbyhq.com/t-robotics
Tabs,https://jobs.ashbyhq.com/tabs
Tacto,https://jobs.ashbyhq.com/tacto
Taekus,https://jobs.ashbyhq.com/taekus
Tailor,https://jobs.ashbyhq.com/tailor
Tailwind,https://jobs.ashbyhq.com/tailwind
Tako,https://jobs.ashbyhq.com/tako
Taktile,https://jobs.ashbyhq.com/taktile
Talentful,https://jobs.ashbyhq.com/talentful
Talentsafari,https://jobs.ashbyhq.com/talentsafari
Talos Trading,https://jobs.ashbyhq.com/talos-trading
Tandem,https://jobs.ashbyhq.com/tandem
Tandem Health,https://jobs.ashbyhq.com/tandem-health
Tango,https://jobs.ashbyhq.com/tango
Tapcheck,https://jobs.ashbyhq.com/tapcheck
Taptapsend,https://jobs.ashbyhq.com/taptapsend
Tarro,https://jobs.ashbyhq.com/tarro
Tavahealth,https://jobs.ashbyhq.com/tavahealth
Tavily,https://jobs.ashbyhq.com/tavily
Tavus,https://jobs.ashbyhq.com/tavus
Taxfix.Com,https://jobs.ashbyhq.com/taxfix.com
Teambridge,https://jobs.ashbyhq.com/teambridge
Tebi,https://jobs.ashbyhq.com/tebi
Tectonai,https://jobs.ashbyhq.com/tectonai
Telli,https://jobs.ashbyhq.com/telli
Tellos,https://jobs.ashbyhq.com/tellos
Tem,https://jobs.ashbyhq.com/tem
Tempo,https://jobs.ashbyhq.com/tempo
Tempo Xyz,https://jobs.ashbyhq.com/tempo-xyz
Tenex,https://jobs.ashbyhq.com/tenex
Tenexlabs,https://jobs.ashbyhq.com/tenexlabs
Tennr,https://jobs.ashbyhq.com/tennr
Tensorwave,https://jobs.ashbyhq.com/tensorwave
Tensorzero,https://jobs.ashbyhq.com/tensorzero
Terradot,https://jobs.ashbyhq.com/terradot
Terrafirma,https://jobs.ashbyhq.com/terrafirma
Terranova,https://jobs.ashbyhq.com/terranova
Terrarium,https://jobs.ashbyhq.com/terrarium
Tessera Labs,https://jobs.ashbyhq.com/tessera-labs
That1Detailer,https://jobs.ashbyhq.com/that1detailer
Thatgamecompany,https://jobs.ashbyhq.com/thatgamecompany
The Browser Company,https://jobs.ashbyhq.com/the%20browser%20company
The Exploration Company,https://jobs.ashbyhq.com/the-exploration-company
The Flex,https://jobs.ashbyhq.com/the-flex
The Global Talent Co,https://jobs.ashbyhq.com/the-global-talent-co
Theam,https://jobs.ashbyhq.com/theam
Thera,https://jobs.ashbyhq.com/thera
Thewfsgroup,https://jobs.ashbyhq.com/thewfsgroup
Theydo,https://jobs.ashbyhq.com/theydo
Thndr,https://jobs.ashbyhq.com/thndr
Thread Ai,https://jobs.ashbyhq.com/thread-ai
Thrill Labs,https://jobs.ashbyhq.com/thrill-labs
Tigerdata,https://jobs.ashbyhq.com/tigerdata
Tilde,https://jobs.ashbyhq.com/tilde
Tilt,https://jobs.ashbyhq.com/tilt
Tilthq,https://jobs.ashbyhq.com/tilthq
Timely,https://jobs.ashbyhq.com/timely
Tin Can,https://jobs.ashbyhq.com/tin-can
Titan,https://jobs.ashbyhq.com/titan
Titan Msp,https://jobs.ashbyhq.com/titan-msp
Tldr.Tech,https://jobs.ashbyhq.com/tldr.tech
Tldraw,https://jobs.ashbyhq.com/tldraw
Tome,https://jobs.ashbyhq.com/tome
Tonal,https://jobs.ashbyhq.com/tonal
Tools For Humanity,https://jobs.ashbyhq.com/tools%20for%20humanity
Top Hat,https://jobs.ashbyhq.com/top-hat
Topline Pro,https://jobs.ashbyhq.com/topline-pro
Tortus,https://jobs.ashbyhq.com/tortus
Traba,https://jobs.ashbyhq.com/traba
Tracebit,https://jobs.ashbyhq.com/tracebit
Tracer,https://jobs.ashbyhq.com/tracer
Traction Wellness Group,https://jobs.ashbyhq.com/traction-wellness-group
Trading212,https://jobs.ashbyhq.com/trading212
Trainline,https://jobs.ashbyhq.com/trainline
Trashie,https://jobs.ashbyhq.com/trashie
Treefera,https://jobs.ashbyhq.com/treefera
Tremendous,https://jobs.ashbyhq.com/tremendous
Triedge Investments,https://jobs.ashbyhq.com/triedge-investments
Trilitech,https://jobs.ashbyhq.com/trilitech
Trucksmarter,https://jobs.ashbyhq.com/trucksmarter
Truelogic,https://jobs.ashbyhq.com/truelogic
Truemed,https://jobs.ashbyhq.com/truemed
Trulioo,https://jobs.ashbyhq.com/trulioo
Trust Wallet,https://jobs.ashbyhq.com/trust-wallet
Tryalma,https://jobs.ashbyhq.com/tryalma
Turbopuffer,https://jobs.ashbyhq.com/turbopuffer
Turnkey,https://jobs.ashbyhq.com/turnkey
Turnstile,https://jobs.ashbyhq.com/turnstile
Twelve,https://jobs.ashbyhq.com/twelve
Twelve Labs,https://jobs.ashbyhq.com/twelve-labs
Twenty,https://jobs.ashbyhq.com/twenty
Two Dots,https://jobs.ashbyhq.com/two-dots
Uipath,https://jobs.ashbyhq.com/uipath
Unicourt,https://jobs.ashbyhq.com/unicourt
Unify,https://jobs.ashbyhq.com/unify
Union Tech,https://jobs.ashbyhq.com/union-tech
Unit,https://jobs.ashbyhq.com/unit
Unit410,https://jobs.ashbyhq.com/unit410
Unity Advisory,https://jobs.ashbyhq.com/unity-advisory
Unlearn,https://jobs.ashbyhq.com/unlearn
Unlikelyai,https://jobs.ashbyhq.com/unlikelyai
Unto Labs,https://jobs.ashbyhq.com/unto-labs
Unwrap,https://jobs.ashbyhq.com/unwrap
Upcodes,https://jobs.ashbyhq.com/upcodes
Upside,https://jobs.ashbyhq.com/upside
Upside Tech,https://jobs.ashbyhq.com/upside-tech
Uptimeai,https://jobs.ashbyhq.com/uptimeai
Upvest,https://jobs.ashbyhq.com/upvest
V7Labs.Com,https://jobs.ashbyhq.com/v7labs.com
Valeriehealth,https://jobs.ashbyhq.com/valeriehealth
Valon,https://jobs.ashbyhq.com/valon
Valonvm,https://jobs.ashbyhq.com/valonvm
Vandenboomassociates,https://jobs.ashbyhq.com/vandenboomassociates
Vanilla,https://jobs.ashbyhq.com/vanilla
Vanta,https://jobs.ashbyhq.com/vanta
Vantage,https://jobs.ashbyhq.com/vantage
Vantageanalytics,https://jobs.ashbyhq.com/vantageanalytics
Vantai,https://jobs.ashbyhq.com/vantai
Vapi,https://jobs.ashbyhq.com/vapi
Vcluster,https://jobs.ashbyhq.com/vcluster
Vellum,https://jobs.ashbyhq.com/vellum
Venatus.Com,https://jobs.ashbyhq.com/venatus.com
Vercept,https://jobs.ashbyhq.com/vercept
Versemedical,https://jobs.ashbyhq.com/versemedical
Verto,https://jobs.ashbyhq.com/verto
Vetcove,https://jobs.ashbyhq.com/vetcove
Vibe,https://jobs.ashbyhq.com/vibe
Videa.Ai,https://jobs.ashbyhq.com/videa.ai
Viggle,https://jobs.ashbyhq.com/viggle
Vinci4D,https://jobs.ashbyhq.com/vinci4d
Virtahealth,https://jobs.ashbyhq.com/virtahealth
Virtuous,https://jobs.ashbyhq.com/virtuous
Visanahealth,https://jobs.ashbyhq.com/visanahealth
Vistar,https://jobs.ashbyhq.com/vistar
Visualis Llc,https://jobs.ashbyhq.com/visualis-llc
Vitalize,https://jobs.ashbyhq.com/vitalize
Vitvio,https://jobs.ashbyhq.com/vitvio
Vivun,https://jobs.ashbyhq.com/vivun
Vizcom,https://jobs.ashbyhq.com/vizcom
Vizzia,https://jobs.ashbyhq.com/vizzia
Voize,https://jobs.ashbyhq.com/voize
Voodoo,https://jobs.ashbyhq.com/voodoo
Vooma,https://jobs.ashbyhq.com/vooma
Voomi Supply,https://jobs.ashbyhq.com/voomi-supply
Vorticity,https://jobs.ashbyhq.com/vorticity
Vorto,https://jobs.ashbyhq.com/vorto
Vow,https://jobs.ashbyhq.com/vow
Voxel,https://jobs.ashbyhq.com/voxel
Voyant Photonics,https://jobs.ashbyhq.com/voyant-photonics
Voyfai,https://jobs.ashbyhq.com/voyfai
Vultron,https://jobs.ashbyhq.com/vultron
Vynca,https://jobs.ashbyhq.com/vynca
Vytalize Health,https://jobs.ashbyhq.com/vytalize%20health
Wafer,https://jobs.ashbyhq.com/wafer
Wander,https://jobs.ashbyhq.com/wander
Warp,https://jobs.ashbyhq.com/warp
Watershed,https://jobs.ashbyhq.com/watershed
Watneyrobotics,https://jobs.ashbyhq.com/watneyrobotics
Wayflyer,https://jobs.ashbyhq.com/wayflyer
Weave,https://jobs.ashbyhq.com/weave
Webai,https://jobs.ashbyhq.com/webai
Welltech,https://jobs.ashbyhq.com/welltech
Wetravel,https://jobs.ashbyhq.com/wetravel
Whatnot,https://jobs.ashbyhq.com/whatnot
Whippy,https://jobs.ashbyhq.com/whippy
Willowvoice,https://jobs.ashbyhq.com/willowvoice
Wincent,https://jobs.ashbyhq.com/wincent
Windmill,https://jobs.ashbyhq.com/windmill
Windranger,https://jobs.ashbyhq.com/windranger
Windsurf,https://jobs.ashbyhq.com/windsurf
Winona,https://jobs.ashbyhq.com/winona
Wirescreen,https://jobs.ashbyhq.com/wirescreen
Wispr Flow,https://jobs.ashbyhq.com/wispr-flow
Withcherry,https://jobs.ashbyhq.com/withcherry
Withclutch,https://jobs.ashbyhq.com/withclutch
Withco,https://jobs.ashbyhq.com/withco
Withdaydream,https://jobs.ashbyhq.com/withdaydream
Withpulley,https://jobs.ashbyhq.com/withpulley
Withwisdom,https://jobs.ashbyhq.com/withwisdom
Witness AI,https://jobs.ashbyhq.com/witnessai
Woebot Health,https://jobs.ashbyhq.com/woebot-health
Woflow,https://jobs.ashbyhq.com/woflow
Wokelo AI,https://jobs.ashbyhq.com/wokelo-ai
Wordly AI Careers,https://jobs.ashbyhq.com/wordly.ai%20careers
Wordsmith,https://jobs.ashbyhq.com/wordsmith
Wordware,https://jobs.ashbyhq.com/wordware.ai
Workerbase,https://jobs.ashbyhq.com/workerbase
Workyard,https://jobs.ashbyhq.com/workyard
Worldlabs,https://jobs.ashbyhq.com/worldlabs
Worldly,https://jobs.ashbyhq.com/worldly
Wormholelabs,https://jobs.ashbyhq.com/wormholelabs
Wrapbook,https://jobs.ashbyhq.com/wrapbook
Writer,https://jobs.ashbyhq.com/writer
Wundergraph,https://jobs.ashbyhq.com/wundergraph
Wynd Labs,https://jobs.ashbyhq.com/wynd-labs
Xbowcareers,https://jobs.ashbyhq.com/xbowcareers
Xephyr,https://jobs.ashbyhq.com/xephyr
Xlabs,https://jobs.ashbyhq.com/xlabs
Yazio,https://jobs.ashbyhq.com/yazio
Yendo,https://jobs.ashbyhq.com/yendo
Yepoda,https://jobs.ashbyhq.com/yepoda
Yondr,https://jobs.ashbyhq.com/yondr
You Health,https://jobs.ashbyhq.com/you-health
Yupp AI,https://jobs.ashbyhq.com/yupp-ai
Yutori,https://jobs.ashbyhq.com/yutori
Zania,https://jobs.ashbyhq.com/zania
Zapier,https://jobs.ashbyhq.com/zapier
Zayzoon,https://jobs.ashbyhq.com/zayzoon
Zefir,https://jobs.ashbyhq.com/zefir
Zefr,https://jobs.ashbyhq.com/zefr
Zello,https://jobs.ashbyhq.com/zello
Zencastr,https://jobs.ashbyhq.com/zencastr
Zeromark,https://jobs.ashbyhq.com/zeromark
Zettabyte Space,https://jobs.ashbyhq.com/zettabyte-space
Zip,https://jobs.ashbyhq.com/zip
Ziplines,https://jobs.ashbyhq.com/ziplines
Zippymh,https://jobs.ashbyhq.com/zippymh
Zyphra,https://jobs.ashbyhq.com/zyphra
Zzazz,https://jobs.ashbyhq.com/zzazz
